time,cell,location_x,location_y,InfectionStatus.Susceptible,InfectionStatus.Exposed,InfectionStatus.InfectASympt,InfectionStatus.InfectMild,InfectionStatus.InfectGP,InfectionStatus.InfectHosp,InfectionStatus.InfectICU,InfectionStatus.InfectICURecov,InfectionStatus.Recovered,InfectionStatus.Dead
0,8766623767679,0.0,0.0,10061,0,0,2,0,0,0,0,0,0
0,8766623740157,0.3333333333333333,0.0,10044,0,0,2,0,0,0,0,0,0
0,8766623746082,0.6666666666666666,0.0,10037,0,0,2,0,0,0,0,0,0
0,8766623746115,1.0,0.0,10154,0,0,0,0,0,0,0,0,0
0,8766623746148,0.0,0.3333333333333333,9912,0,0,2,0,0,0,0,0,0
0,8766623746181,0.3333333333333333,0.3333333333333333,9962,0,0,1,0,0,0,0,0,0
0,8766623746214,0.6666666666666666,0.3333333333333333,9881,0,0,0,0,0,0,0,0,0
0,8766623746247,1.0,0.3333333333333333,9952,0,0,0,0,0,0,0,0,0
0,8766623746280,0.0,0.6666666666666666,10078,0,0,0,0,0,0,0,0,0
0,8766623747597,0.3333333333333333,0.6666666666666666,9909,0,0,1,0,0,0,0,0,0
1.0,8766623767679,0.0,0.0,10061,0,0,2,0,0,0,0,0,0
1.0,8766623740157,0.3333333333333333,0.0,10044,0,0,2,0,0,0,0,0,0
1.0,8766623746082,0.6666666666666666,0.0,10037,0,0,2,0,0,0,0,0,0
1.0,8766623746115,1.0,0.0,10154,0,0,0,0,0,0,0,0,0
1.0,8766623746148,0.0,0.3333333333333333,9912,0,0,2,0,0,0,0,0,0
1.0,8766623746181,0.3333333333333333,0.3333333333333333,9962,0,0,1,0,0,0,0,0,0
1.0,8766623746214,0.6666666666666666,0.3333333333333333,9881,0,0,0,0,0,0,0,0,0
1.0,8766623746247,1.0,0.3333333333333333,9952,0,0,0,0,0,0,0,0,0
1.0,8766623746280,0.0,0.6666666666666666,10078,0,0,0,0,0,0,0,0,0
1.0,8766623747597,0.3333333333333333,0.6666666666666666,9909,0,0,1,0,0,0,0,0,0
2.0,8766623767679,0.0,0.0,10057,4,0,2,0,0,0,0,0,0
2.0,8766623740157,0.3333333333333333,0.0,10039,5,0,2,0,0,0,0,0,0
2.0,8766623746082,0.6666666666666666,0.0,10035,2,0,2,0,0,0,0,0,0
2.0,8766623746115,1.0,0.0,10154,0,0,0,0,0,0,0,0,0
2.0,8766623746148,0.0,0.3333333333333333,9910,2,0,2,0,0,0,0,0,0
2.0,8766623746181,0.3333333333333333,0.3333333333333333,9961,1,0,1,0,0,0,0,0,0
2.0,8766623746214,0.6666666666666666,0.3333333333333333,9874,6,0,1,0,0,0,0,0,0
2.0,8766623746247,1.0,0.3333333333333333,9950,2,0,0,0,0,0,0,0,0
2.0,8766623746280,0.0,0.6666666666666666,10073,5,0,0,0,0,0,0,0,0
2.0,8766623747597,0.3333333333333333,0.6666666666666666,9902,6,0,2,0,0,0,0,0,0
3.0,8766623767679,0.0,0.0,10050,9,2,2,0,0,0,0,0,0
3.0,8766623740157,0.3333333333333333,0.0,10034,10,0,2,0,0,0,0,0,0
3.0,8766623746082,0.6666666666666666,0.0,10033,4,0,2,0,0,0,0,0,0
3.0,8766623746115,1.0,0.0,10153,1,0,0,0,0,0,0,0,0
3.0,8766623746148,0.0,0.3333333333333333,9906,5,0,3,0,0,0,0,0,0
3.0,8766623746181,0.3333333333333333,0.3333333333333333,9956,5,1,1,0,0,0,0,0,0
3.0,8766623746214,0.6666666666666666,0.3333333333333333,9870,8,1,2,0,0,0,0,0,0
3.0,8766623746247,1.0,0.3333333333333333,9948,3,0,0,1,0,0,0,0,0
3.0,8766623746280,0.0,0.6666666666666666,10068,10,0,0,0,0,0,0,0,0
3.0,8766623747597,0.3333333333333333,0.6666666666666666,9900,5,1,3,1,0,0,0,0,0
4.0,8766623767679,0.0,0.0,10046,13,2,1,0,0,0,0,1,0
4.0,8766623740157,0.3333333333333333,0.0,10022,20,0,1,2,0,0,0,1,0
4.0,8766623746082,0.6666666666666666,0.0,10028,9,0,2,0,0,0,0,0,0
4.0,8766623746115,1.0,0.0,10151,3,0,0,0,0,0,0,0,0
4.0,8766623746148,0.0,0.3333333333333333,9900,10,1,2,0,0,0,0,1,0
4.0,8766623746181,0.3333333333333333,0.3333333333333333,9951,9,1,1,1,0,0,0,0,0
4.0,8766623746214,0.6666666666666666,0.3333333333333333,9859,18,1,3,0,0,0,0,0,0
4.0,8766623746247,1.0,0.3333333333333333,9944,7,0,0,1,0,0,0,0,0
4.0,8766623746280,0.0,0.6666666666666666,10061,13,2,1,1,0,0,0,0,0
4.0,8766623747597,0.3333333333333333,0.6666666666666666,9896,9,1,3,1,0,0,0,0,0
5.0,8766623767679,0.0,0.0,10037,21,1,2,0,0,0,0,2,0
5.0,8766623740157,0.3333333333333333,0.0,10008,32,1,2,2,0,0,0,1,0
5.0,8766623746082,0.6666666666666666,0.0,10020,14,0,4,1,0,0,0,0,0
5.0,8766623746115,1.0,0.0,10148,6,0,0,0,0,0,0,0,0
5.0,8766623746148,0.0,0.3333333333333333,9886,22,1,2,1,0,0,0,2,0
5.0,8766623746181,0.3333333333333333,0.3333333333333333,9937,19,3,2,1,0,0,0,1,0
5.0,8766623746214,0.6666666666666666,0.3333333333333333,9850,24,2,5,0,0,0,0,0,0
5.0,8766623746247,1.0,0.3333333333333333,9942,7,0,0,3,0,0,0,0,0
5.0,8766623746280,0.0,0.6666666666666666,10050,21,3,2,2,0,0,0,0,0
5.0,8766623747597,0.3333333333333333,0.6666666666666666,9889,15,0,3,1,0,0,0,2,0
6.0,8766623767679,0.0,0.0,10021,33,3,4,0,0,0,0,2,0
6.0,8766623740157,0.3333333333333333,0.0,9993,42,3,5,2,0,0,0,1,0
6.0,8766623746082,0.6666666666666666,0.0,10009,22,1,4,2,0,0,0,1,0
6.0,8766623746115,1.0,0.0,10142,10,1,1,0,0,0,0,0,0
6.0,8766623746148,0.0,0.3333333333333333,9861,42,3,3,3,0,0,0,2,0
6.0,8766623746181,0.3333333333333333,0.3333333333333333,9919,30,4,5,3,0,0,0,2,0
6.0,8766623746214,0.6666666666666666,0.3333333333333333,9831,41,2,6,1,0,0,0,0,0
6.0,8766623746247,1.0,0.3333333333333333,9933,11,1,4,3,0,0,0,0,0
6.0,8766623746280,0.0,0.6666666666666666,10037,27,5,5,3,0,0,0,1,0
6.0,8766623747597,0.3333333333333333,0.6666666666666666,9869,29,3,6,1,0,0,0,2,0
7.0,8766623767679,0.0,0.0,9998,49,6,7,0,0,0,0,3,0
7.0,8766623740157,0.3333333333333333,0.0,9955,67,12,7,4,0,0,0,1,0
7.0,8766623746082,0.6666666666666666,0.0,9990,33,3,6,4,0,0,0,3,0
7.0,8766623746115,1.0,0.0,10128,22,2,2,0,0,0,0,0,0
7.0,8766623746148,0.0,0.3333333333333333,9830,64,6,8,4,0,0,0,2,0
7.0,8766623746181,0.3333333333333333,0.3333333333333333,9888,55,7,6,4,0,0,0,3,0
7.0,8766623746214,0.6666666666666666,0.3333333333333333,9796,67,5,8,5,0,0,0,0,0
7.0,8766623746247,1.0,0.3333333333333333,9915,26,2,5,4,0,0,0,0,0
7.0,8766623746280,0.0,0.6666666666666666,10007,50,8,7,5,0,0,0,1,0
7.0,8766623747597,0.3333333333333333,0.6666666666666666,9829,63,4,10,2,0,0,0,2,0
8.0,8766623767679,0.0,0.0,9943,97,9,10,0,0,0,0,4,0
8.0,8766623740157,0.3333333333333333,0.0,9895,114,15,11,8,0,0,0,3,0
8.0,8766623746082,0.6666666666666666,0.0,9937,81,6,7,5,0,0,0,3,0
8.0,8766623746115,1.0,0.0,10089,53,5,4,3,0,0,0,0,0
8.0,8766623746148,0.0,0.3333333333333333,9776,102,11,15,6,0,0,0,4,0
8.0,8766623746181,0.3333333333333333,0.3333333333333333,9821,114,9,10,5,0,0,0,4,0
8.0,8766623746214,0.6666666666666666,0.3333333333333333,9744,104,9,14,9,0,0,0,1,0
8.0,8766623746247,1.0,0.3333333333333333,9887,51,3,6,5,0,0,0,0,0
8.0,8766623746280,0.0,0.6666666666666666,9959,87,14,9,8,0,0,0,1,0
8.0,8766623747597,0.3333333333333333,0.6666666666666666,9772,107,8,15,6,0,0,0,2,0
9.0,8766623767679,0.0,0.0,9870,143,18,19,7,0,0,0,6,0
9.0,8766623740157,0.3333333333333333,0.0,9825,147,23,29,17,0,0,0,5,0
9.0,8766623746082,0.6666666666666666,0.0,9858,147,13,9,7,0,0,0,5,0
9.0,8766623746115,1.0,0.0,10037,91,7,10,7,0,0,0,2,0
9.0,8766623746148,0.0,0.3333333333333333,9687,164,21,22,12,1,0,0,7,0
9.0,8766623746181,0.3333333333333333,0.3333333333333333,9731,173,24,16,14,0,0,0,5,0
9.0,8766623746214,0.6666666666666666,0.3333333333333333,9650,176,14,24,13,0,0,0,4,0
9.0,8766623746247,1.0,0.3333333333333333,9842,85,7,11,6,0,0,0,1,0
9.0,8766623746280,0.0,0.6666666666666666,9876,135,23,26,16,0,0,0,2,0
9.0,8766623747597,0.3333333333333333,0.6666666666666666,9656,203,13,21,13,0,0,0,4,0
10.0,8766623767679,0.0,0.0,9737,246,31,27,14,0,0,0,8,0
10.0,8766623740157,0.3333333333333333,0.0,9669,262,36,44,27,0,0,0,8,0
10.0,8766623746082,0.6666666666666666,0.0,9712,257,25,23,15,0,0,0,7,0
10.0,8766623746115,1.0,0.0,9948,161,14,17,10,0,0,0,4,0
10.0,8766623746148,0.0,0.3333333333333333,9540,272,36,38,17,1,0,0,10,0
10.0,8766623746181,0.3333333333333333,0.3333333333333333,9552,299,44,42,20,0,0,0,6,0
10.0,8766623746214,0.6666666666666666,0.3333333333333333,9495,295,25,40,21,1,0,0,4,0
10.0,8766623746247,1.0,0.3333333333333333,9746,162,13,20,9,0,0,0,2,0
10.0,8766623746280,0.0,0.6666666666666666,9748,232,29,38,25,0,0,0,6,0
10.0,8766623747597,0.3333333333333333,0.6666666666666666,9473,328,38,44,23,0,0,0,4,0
11.0,8766623767679,0.0,0.0,9500,421,48,52,27,0,0,0,15,0
11.0,8766623740157,0.3333333333333333,0.0,9381,481,60,74,40,0,0,0,10,0
11.0,8766623746082,0.6666666666666666,0.0,9444,475,36,45,29,0,0,0,10,0
11.0,8766623746115,1.0,0.0,9809,264,27,30,18,0,0,0,6,0
11.0,8766623746148,0.0,0.3333333333333333,9277,479,48,65,28,2,0,0,15,0
11.0,8766623746181,0.3333333333333333,0.3333333333333333,9239,535,73,70,33,0,0,0,13,0
11.0,8766623746214,0.6666666666666666,0.3333333333333333,9232,494,47,63,39,1,0,0,5,0
11.0,8766623746247,1.0,0.3333333333333333,9579,289,24,38,15,0,0,0,7,0
11.0,8766623746280,0.0,0.6666666666666666,9521,412,41,55,36,1,0,0,12,0
11.0,8766623747597,0.3333333333333333,0.6666666666666666,9233,503,59,66,40,1,0,0,8,0
12.0,8766623767679,0.0,0.0,9137,683,79,87,45,2,1,0,29,0
12.0,8766623740157,0.3333333333333333,0.0,8910,836,95,132,53,1,0,0,19,0
12.0,8766623746082,0.6666666666666666,0.0,9027,782,75,86,55,0,0,0,14,0
12.0,8766623746115,1.0,0.0,9528,465,55,62,36,0,0,0,8,0
12.0,8766623746148,0.0,0.3333333333333333,8862,804,82,97,47,2,0,0,20,0
12.0,8766623746181,0.3333333333333333,0.3333333333333333,8754,908,110,114,58,0,0,0,19,0
12.0,8766623746214,0.6666666666666666,0.3333333333333333,8772,843,80,112,60,0,0,0,14,0
12.0,8766623746247,1.0,0.3333333333333333,9292,521,47,57,25,0,0,0,10,0
12.0,8766623746280,0.0,0.6666666666666666,9189,651,68,96,55,1,0,0,18,0
12.0,8766623747597,0.3333333333333333,0.6666666666666666,8820,801,100,108,66,1,0,0,14,0
13.0,8766623767679,0.0,0.0,8552,1125,125,140,85,1,2,0,33,0
13.0,8766623740157,0.3333333333333333,0.0,8208,1338,156,212,94,1,1,0,36,0
13.0,8766623746082,0.6666666666666666,0.0,8330,1304,136,161,83,2,0,0,23,0
13.0,8766623746115,1.0,0.0,9071,807,103,104,56,0,0,0,13,0
13.0,8766623746148,0.0,0.3333333333333333,8220,1273,134,174,81,3,0,0,29,0
13.0,8766623746181,0.3333333333333333,0.3333333333333333,7967,1480,185,197,97,2,0,0,35,0
13.0,8766623746214,0.6666666666666666,0.3333333333333333,8074,1327,146,190,119,0,0,0,25,0
13.0,8766623746247,1.0,0.3333333333333333,8834,880,85,89,43,0,0,0,21,0
13.0,8766623746280,0.0,0.6666666666666666,8660,1026,117,162,83,2,0,0,28,0
13.0,8766623747597,0.3333333333333333,0.6666666666666666,8178,1256,170,172,104,2,0,0,28,0
14.0,8766623767679,0.0,0.0,7737,1683,210,226,149,2,3,0,53,0
14.0,8766623740157,0.3333333333333333,0.0,7165,2051,256,344,169,2,1,0,58,0
14.0,8766623746082,0.6666666666666666,0.0,7294,2074,225,254,152,2,0,0,38,0
14.0,8766623746115,1.0,0.0,8368,1340,154,170,101,1,0,0,20,0
14.0,8766623746148,0.0,0.3333333333333333,7172,2030,237,285,134,2,1,0,53,0
14.0,8766623746181,0.3333333333333333,0.3333333333333333,6760,2364,296,325,154,3,0,0,61,0
14.0,8766623746214,0.6666666666666666,0.3333333333333333,6994,2092,253,315,184,2,0,0,41,0
14.0,8766623746247,1.0,0.3333333333333333,8116,1394,160,165,87,0,0,0,30,0
14.0,8766623746280,0.0,0.6666666666666666,7851,1595,188,248,144,2,0,0,50,0
14.0,8766623747597,0.3333333333333333,0.6666666666666666,7258,1891,255,293,160,4,0,0,49,0
15.0,8766623767679,0.0,0.0,6557,2499,343,343,237,5,3,0,76,0
15.0,8766623740157,0.3333333333333333,0.0,5684,3069,417,512,262,6,1,0,95,0
15.0,8766623746082,0.6666666666666666,0.0,5854,3077,390,405,246,5,0,0,62,0
15.0,8766623746115,1.0,0.0,7267,2134,261,281,166,1,0,0,44,0
15.0,8766623746148,0.0,0.3333333333333333,5794,2918,387,489,236,2,1,0,87,0
15.0,8766623746181,0.3333333333333333,0.3333333333333333,5180,3443,457,496,285,7,0,0,95,0
15.0,8766623746214,0.6666666666666666,0.3333333333333333,5504,3054,432,506,293,3,1,0,88,0
15.0,8766623746247,1.0,0.3333333333333333,7042,2160,255,292,156,0,0,0,47,0
15.0,8766623746280,0.0,0.6666666666666666,6632,2442,308,402,213,4,0,0,77,0
15.0,8766623747597,0.3333333333333333,0.6666666666666666,5894,2822,399,455,253,3,0,0,84,0
16.0,8766623767679,0.0,0.0,4997,3464,557,582,338,10,3,0,112,0
16.0,8766623740157,0.3333333333333333,0.0,3894,4216,631,750,389,8,1,0,157,0
16.0,8766623746082,0.6666666666666666,0.0,4056,4215,600,672,370,11,0,0,115,0
16.0,8766623746115,1.0,0.0,5805,3133,415,431,288,2,0,0,80,0
16.0,8766623746148,0.0,0.3333333333333333,4152,3905,589,741,383,4,1,0,139,0
16.0,8766623746181,0.3333333333333333,0.3333333333333333,3408,4512,678,762,439,12,1,0,151,0
16.0,8766623746214,0.6666666666666666,0.3333333333333333,3746,4143,641,761,444,6,1,0,139,0
16.0,8766623746247,1.0,0.3333333333333333,5539,3214,409,456,251,1,0,0,82,0
16.0,8766623746280,0.0,0.6666666666666666,5072,3439,491,624,321,8,0,0,123,0
16.0,8766623747597,0.3333333333333333,0.6666666666666666,4194,3888,592,708,382,6,2,0,138,0
17.0,8766623767679,0.0,0.0,3279,4433,807,859,475,18,3,0,188,1
17.0,8766623740157,0.3333333333333333,0.0,2213,5021,878,1074,596,11,2,0,250,1
17.0,8766623746082,0.6666666666666666,0.0,2338,4969,916,1044,552,12,3,0,205,0
17.0,8766623746115,1.0,0.0,4110,4173,634,664,434,4,0,0,135,0
17.0,8766623746148,0.0,0.3333333333333333,2504,4770,827,1038,543,10,1,0,221,0
17.0,8766623746181,0.3333333333333333,0.3333333333333333,1769,5168,982,1140,638,13,2,0,251,0
17.0,8766623746214,0.6666666666666666,0.3333333333333333,2074,4924,925,1086,616,10,2,0,244,0
17.0,8766623746247,1.0,0.3333333333333333,3818,4231,660,712,391,2,0,0,138,0
17.0,8766623746280,0.0,0.6666666666666666,3291,4433,747,901,484,8,1,0,212,1
17.0,8766623747597,0.3333333333333333,0.6666666666666666,2505,4768,865,995,541,10,2,0,224,0
18.0,8766623767679,0.0,0.0,1727,5085,1079,1194,664,21,4,0,288,1
18.0,8766623740157,0.3333333333333333,0.0,999,5159,1219,1453,802,17,7,0,389,1
18.0,8766623746082,0.6666666666666666,0.0,1017,5218,1262,1437,766,17,3,1,317,1
18.0,8766623746115,1.0,0.0,2508,4901,929,969,604,9,1,0,233,0
18.0,8766623746148,0.0,0.3333333333333333,1175,5082,1159,1406,747,14,3,0,328,0
18.0,8766623746181,0.3333333333333333,0.3333333333333333,710,5192,1310,1505,836,22,2,0,386,0
18.0,8766623746214,0.6666666666666666,0.3333333333333333,878,5150,1211,1432,813,15,4,0,378,0
18.0,8766623746247,1.0,0.3333333333333333,2209,4989,911,1051,577,8,1,0,206,0
18.0,8766623746280,0.0,0.6666666666666666,1854,4939,1040,1240,664,12,3,0,325,1
18.0,8766623747597,0.3333333333333333,0.6666666666666666,1198,5066,1168,1343,749,15,1,0,369,1
19.0,8766623767679,0.0,0.0,708,5070,1392,1536,884,30,3,0,437,3
19.0,8766623740157,0.3333333333333333,0.0,297,4795,1576,1762,990,22,7,0,595,2
19.0,8766623746082,0.6666666666666666,0.0,357,4771,1596,1806,978,24,3,1,501,2
19.0,8766623746115,1.0,0.0,1248,5104,1258,1388,790,17,1,0,348,0
19.0,8766623746148,0.0,0.3333333333333333,474,4717,1481,1744,974,21,4,0,498,1
19.0,8766623746181,0.3333333333333333,0.3333333333333333,192,4620,1654,1862,1013,31,5,0,584,2
19.0,8766623746214,0.6666666666666666,0.3333333333333333,250,4711,1549,1746,997,25,5,0,598,0
19.0,8766623746247,1.0,0.3333333333333333,1068,5086,1259,1418,777,11,1,0,332,0
19.0,8766623746280,0.0,0.6666666666666666,811,4985,1387,1549,841,18,4,0,482,1
19.0,8766623747597,0.3333333333333333,0.6666666666666666,430,4837,1490,1618,947,26,2,0,559,1
20.0,8766623767679,0.0,0.0,236,4509,1703,1857,1071,35,5,0,643,4
20.0,8766623740157,0.3333333333333333,0.0,77,4019,1863,2025,1163,36,8,1,850,4
20.0,8766623746082,0.6666666666666666,0.0,105,4035,1877,2065,1144,34,4,1,772,2
20.0,8766623746115,1.0,0.0,501,4786,1557,1750,1006,24,3,0,527,0
20.0,8766623746148,0.0,0.3333333333333333,122,4082,1782,2003,1110,34,6,0,774,1
20.0,8766623746181,0.3333333333333333,0.3333333333333333,30,3815,1927,2123,1131,45,6,0,882,4
20.0,8766623746214,0.6666666666666666,0.3333333333333333,50,3964,1820,2001,1145,39,8,0,854,0
20.0,8766623746247,1.0,0.3333333333333333,381,4704,1594,1747,979,20,1,0,525,1
20.0,8766623746280,0.0,0.6666666666666666,282,4506,1714,1842,990,26,6,0,710,2
20.0,8766623747597,0.3333333333333333,0.6666666666666666,127,4170,1773,1888,1074,42,6,0,828,2
21.0,8766623767679,0.0,0.0,63,3771,1952,2066,1187,47,5,0,966,6
21.0,8766623740157,0.3333333333333333,0.0,21,3191,2104,2223,1237,45,11,1,1208,5
21.0,8766623746082,0.6666666666666666,0.0,21,3291,2118,2202,1218,46,7,1,1132,3
21.0,8766623746115,1.0,0.0,164,4154,1838,2001,1142,32,3,0,820,0
21.0,8766623746148,0.0,0.3333333333333333,25,3357,1997,2168,1198,42,11,0,1113,3
21.0,8766623746181,0.3333333333333333,0.3333333333333333,4,3052,2130,2260,1193,57,7,0,1252,8
21.0,8766623746214,0.6666666666666666,0.3333333333333333,7,3184,2029,2169,1223,50,7,2,1210,0
21.0,8766623746247,1.0,0.3333333333333333,128,3988,1853,2051,1108,36,4,0,783,1
21.0,8766623746280,0.0,0.6666666666666666,87,3806,1940,2100,1098,32,8,1,1004,2
21.0,8766623747597,0.3333333333333333,0.6666666666666666,33,3365,2025,2060,1187,57,8,0,1171,4
22.0,8766623767679,0.0,0.0,13,2974,2199,2191,1239,47,4,2,1383,11
22.0,8766623740157,0.3333333333333333,0.0,0,2521,2235,2261,1282,59,16,1,1664,7
22.0,8766623746082,0.6666666666666666,0.0,5,2591,2272,2280,1254,55,8,2,1566,6
22.0,8766623746115,1.0,0.0,61,3361,2098,2196,1249,47,6,0,1135,1
22.0,8766623746148,0.0,0.3333333333333333,5,2666,2152,2217,1243,49,15,0,1564,3
22.0,8766623746181,0.3333333333333333,0.3333333333333333,0,2411,2270,2291,1226,70,11,0,1673,11
22.0,8766623746214,0.6666666666666666,0.3333333333333333,1,2509,2200,2200,1217,56,10,2,1683,3
22.0,8766623746247,1.0,0.3333333333333333,34,3247,2081,2223,1185,49,8,0,1122,3
22.0,8766623746280,0.0,0.6666666666666666,23,3082,2116,2222,1187,45,9,1,1390,3
22.0,8766623747597,0.3333333333333333,0.6666666666666666,6,2691,2206,2163,1226,74,11,0,1529,4
23.0,8766623767679,0.0,0.0,4,2356,2341,2200,1217,62,3,1,1865,14
23.0,8766623740157,0.3333333333333333,0.0,0,1918,2361,2245,1282,67,19,1,2143,10
23.0,8766623746082,0.6666666666666666,0.0,2,2033,2367,2263,1216,63,10,0,2077,8
23.0,8766623746115,1.0,0.0,16,2707,2280,2228,1288,67,12,1,1554,1
23.0,8766623746148,0.0,0.3333333333333333,2,2095,2299,2195,1211,61,15,2,2028,6
23.0,8766623746181,0.3333333333333333,0.3333333333333333,0,1886,2341,2223,1172,87,16,0,2224,14
23.0,8766623746214,0.6666666666666666,0.3333333333333333,0,1943,2312,2160,1202,63,17,3,2176,5
23.0,8766623746247,1.0,0.3333333333333333,10,2574,2238,2282,1237,58,11,0,1536,6
23.0,8766623746280,0.0,0.6666666666666666,5,2434,2266,2173,1202,57,13,0,1922,6
23.0,8766623747597,0.3333333333333333,0.6666666666666666,2,2086,2317,2132,1207,95,16,0,2050,5
24.0,8766623767679,0.0,0.0,1,1872,2411,2150,1157,58,11,0,2389,14
24.0,8766623740157,0.3333333333333333,0.0,0,1486,2396,2121,1212,84,21,2,2712,12
24.0,8766623746082,0.6666666666666666,0.0,1,1594,2431,2153,1157,68,12,1,2612,10
24.0,8766623746115,1.0,0.0,3,2088,2408,2235,1273,82,14,1,2045,5
24.0,8766623746148,0.0,0.3333333333333333,0,1627,2354,2094,1128,75,15,3,2611,7
24.0,8766623746181,0.3333333333333333,0.3333333333333333,0,1451,2387,2111,1085,93,22,0,2800,14
24.0,8766623746214,0.6666666666666666,0.3333333333333333,0,1530,2330,2028,1131,74,20,3,2758,7
24.0,8766623746247,1.0,0.3333333333333333,3,2026,2343,2239,1211,72,14,1,2035,8
24.0,8766623746280,0.0,0.6666666666666666,1,1894,2382,2125,1141,74,18,1,2434,8
24.0,8766623747597,0.3333333333333333,0.6666666666666666,0,1627,2346,2067,1162,91,21,0,2586,10
25.0,8766623767679,0.0,0.0,0,1439,2440,2025,1076,72,15,0,2980,16
25.0,8766623740157,0.3333333333333333,0.0,0,1138,2393,1943,1095,97,26,2,3337,15
25.0,8766623746082,0.6666666666666666,0.0,0,1220,2408,2015,1082,76,15,1,3211,11
25.0,8766623746115,1.0,0.0,2,1659,2464,2097,1197,101,18,4,2605,7
25.0,8766623746148,0.0,0.3333333333333333,0,1242,2369,1935,1052,76,21,5,3200,14
25.0,8766623746181,0.3333333333333333,0.3333333333333333,0,1133,2358,1946,978,107,24,1,3398,18
25.0,8766623746214,0.6666666666666666,0.3333333333333333,0,1173,2350,1899,1048,87,19,2,3287,16
25.0,8766623746247,1.0,0.3333333333333333,1,1572,2389,2100,1163,84,16,0,2616,11
25.0,8766623746280,0.0,0.6666666666666666,1,1506,2378,2009,1076,89,20,4,2982,13
25.0,8766623747597,0.3333333333333333,0.6666666666666666,0,1276,2362,1883,1078,95,22,2,3175,17
26.0,8766623767679,0.0,0.0,0,1093,2462,1864,993,83,17,0,3534,17
26.0,8766623740157,0.3333333333333333,0.0,0,855,2357,1740,981,104,29,2,3957,21
26.0,8766623746082,0.6666666666666666,0.0,0,894,2403,1828,1007,88,17,1,3788,13
26.0,8766623746115,1.0,0.0,0,1305,2469,1941,1093,106,25,4,3200,11
26.0,8766623746148,0.0,0.3333333333333333,0,944,2330,1732,988,78,19,5,3797,21
26.0,8766623746181,0.3333333333333333,0.3333333333333333,0,893,2312,1728,863,115,26,3,4002,21
26.0,8766623746214,0.6666666666666666,0.3333333333333333,0,918,2304,1680,928,91,24,2,3913,21
26.0,8766623746247,1.0,0.3333333333333333,1,1181,2382,1978,1073,84,20,0,3219,14
26.0,8766623746280,0.0,0.6666666666666666,1,1172,2380,1843,978,92,21,5,3569,17
26.0,8766623747597,0.3333333333333333,0.6666666666666666,0,991,2331,1719,965,109,24,2,3747,22
27.0,8766623767679,0.0,0.0,0,847,2380,1666,883,80,20,1,4164,22
27.0,8766623740157,0.3333333333333333,0.0,0,650,2289,1530,863,104,30,3,4552,25
27.0,8766623746082,0.6666666666666666,0.0,0,676,2326,1612,892,86,18,1,4406,22
27.0,8766623746115,1.0,0.0,0,1009,2422,1766,982,110,26,5,3815,19
27.0,8766623746148,0.0,0.3333333333333333,0,737,2234,1539,874,86,21,4,4394,25
27.0,8766623746181,0.3333333333333333,0.3333333333333333,0,705,2218,1508,756,121,28,4,4597,26
27.0,8766623746214,0.6666666666666666,0.3333333333333333,0,707,2255,1471,821,94,25,4,4481,23
27.0,8766623746247,1.0,0.3333333333333333,0,925,2351,1777,947,91,24,0,3820,17
27.0,8766623746280,0.0,0.6666666666666666,1,921,2322,1651,858,104,24,4,4174,19
27.0,8766623747597,0.3333333333333333,0.6666666666666666,0,767,2250,1527,870,110,25,4,4332,25
28.0,8766623767679,0.0,0.0,0,652,2291,1481,751,95,20,1,4746,26
28.0,8766623740157,0.3333333333333333,0.0,0,493,2195,1325,751,104,32,4,5115,27
28.0,8766623746082,0.6666666666666666,0.0,0,511,2241,1374,771,88,18,1,5009,26
28.0,8766623746115,1.0,0.0,0,799,2352,1555,856,117,28,6,4417,24
28.0,8766623746148,0.0,0.3333333333333333,0,581,2121,1314,748,84,25,2,5010,29
28.0,8766623746181,0.3333333333333333,0.3333333333333333,0,528,2131,1288,629,124,30,2,5198,33
28.0,8766623746214,0.6666666666666666,0.3333333333333333,0,548,2144,1275,725,89,23,5,5044,28
28.0,8766623746247,1.0,0.3333333333333333,0,729,2255,1556,839,92,24,1,4431,25
28.0,8766623746280,0.0,0.6666666666666666,0,717,2214,1452,772,109,22,6,4762,24
28.0,8766623747597,0.3333333333333333,0.6666666666666666,0,591,2169,1345,768,113,23,2,4867,32
29.0,8766623767679,0.0,0.0,0,512,2173,1272,646,93,22,2,5310,33
29.0,8766623740157,0.3333333333333333,0.0,0,376,2068,1125,622,100,30,6,5684,35
29.0,8766623746082,0.6666666666666666,0.0,0,389,2086,1166,644,95,16,2,5611,30
29.0,8766623746115,1.0,0.0,0,609,2259,1362,740,121,32,6,4997,28
29.0,8766623746148,0.0,0.3333333333333333,0,441,2039,1120,622,87,24,1,5546,34
29.0,8766623746181,0.3333333333333333,0.3333333333333333,0,404,2001,1085,537,116,31,5,5747,37
29.0,8766623746214,0.6666666666666666,0.3333333333333333,0,421,2030,1101,627,89,23,6,5550,34
29.0,8766623746247,1.0,0.3333333333333333,0,554,2188,1353,708,98,25,2,4994,30
29.0,8766623746280,0.0,0.6666666666666666,0,561,2126,1234,673,112,23,5,5315,29
29.0,8766623747597,0.3333333333333333,0.6666666666666666,0,446,2032,1144,661,106,24,3,5455,39
30.0,8766623767679,0.0,0.0,0,409,2068,1082,530,91,25,2,5820,36
30.0,8766623740157,0.3333333333333333,0.0,0,282,1932,941,522,100,29,6,6189,45
30.0,8766623746082,0.6666666666666666,0.0,0,280,1952,966,553,94,16,1,6141,36
30.0,8766623746115,1.0,0.0,0,447,2147,1173,626,116,30,4,5578,33
30.0,8766623746148,0.0,0.3333333333333333,0,324,1908,950,532,80,26,2,6054,38
30.0,8766623746181,0.3333333333333333,0.3333333333333333,0,298,1870,917,446,117,30,3,6236,46
30.0,8766623746214,0.6666666666666666,0.3333333333333333,0,327,1906,907,518,87,25,3,6070,38
30.0,8766623746247,1.0,0.3333333333333333,0,427,2071,1137,602,100,26,3,5552,34
30.0,8766623746280,0.0,0.6666666666666666,0,440,2010,1068,578,111,22,9,5805,35
30.0,8766623747597,0.3333333333333333,0.6666666666666666,0,369,1914,965,557,100,24,2,5935,44
31.0,8766623767679,0.0,0.0,0,299,1960,920,441,95,23,3,6283,39
31.0,8766623740157,0.3333333333333333,0.0,0,214,1805,772,433,92,36,6,6637,51
31.0,8766623746082,0.6666666666666666,0.0,0,208,1816,782,445,97,20,0,6631,40
31.0,8766623746115,1.0,0.0,0,335,2021,992,517,115,32,2,6102,38
31.0,8766623746148,0.0,0.3333333333333333,0,238,1784,804,426,82,24,5,6506,45
31.0,8766623746181,0.3333333333333333,0.3333333333333333,0,232,1735,785,380,109,28,5,6633,56
31.0,8766623746214,0.6666666666666666,0.3333333333333333,0,240,1797,758,442,92,25,3,6481,43
31.0,8766623746247,1.0,0.3333333333333333,0,315,1958,935,498,103,21,5,6078,39
31.0,8766623746280,0.0,0.6666666666666666,0,348,1906,911,469,104,22,5,6267,46
31.0,8766623747597,0.3333333333333333,0.6666666666666666,0,274,1808,794,462,95,20,5,6401,51
32.0,8766623767679,0.0,0.0,0,219,1821,777,373,93,23,3,6714,40
32.0,8766623740157,0.3333333333333333,0.0,0,144,1667,652,342,87,32,6,7053,63
32.0,8766623746082,0.6666666666666666,0.0,0,140,1698,652,358,88,25,0,7036,42
32.0,8766623746115,1.0,0.0,0,257,1873,844,423,117,32,2,6564,42
32.0,8766623746148,0.0,0.3333333333333333,0,168,1652,679,350,79,20,6,6911,49
32.0,8766623746181,0.3333333333333333,0.3333333333333333,0,152,1622,641,308,105,28,6,7040,61
32.0,8766623746214,0.6666666666666666,0.3333333333333333,0,161,1679,634,366,88,23,5,6875,50
32.0,8766623746247,1.0,0.3333333333333333,0,229,1845,758,422,96,24,3,6529,46
32.0,8766623746280,0.0,0.6666666666666666,0,241,1789,783,410,97,21,3,6679,55
32.0,8766623747597,0.3333333333333333,0.6666666666666666,0,201,1692,670,394,81,21,5,6787,59
33.0,8766623767679,0.0,0.0,0,142,1676,654,288,90,24,2,7141,46
33.0,8766623740157,0.3333333333333333,0.0,0,98,1550,524,273,82,31,4,7414,70
33.0,8766623746082,0.6666666666666666,0.0,0,88,1566,550,285,80,23,2,7396,49
33.0,8766623746115,1.0,0.0,0,187,1754,688,349,103,36,2,6985,50
33.0,8766623746148,0.0,0.3333333333333333,0,112,1513,567,294,74,20,5,7278,51
33.0,8766623746181,0.3333333333333333,0.3333333333333333,0,92,1495,529,267,99,26,6,7384,65
33.0,8766623746214,0.6666666666666666,0.3333333333333333,0,106,1554,522,309,80,18,6,7224,62
33.0,8766623746247,1.0,0.3333333333333333,0,144,1712,635,360,93,26,3,6928,51
33.0,8766623746280,0.0,0.6666666666666666,0,159,1654,647,355,88,19,4,7089,63
33.0,8766623747597,0.3333333333333333,0.6666666666666666,0,127,1580,554,328,76,22,4,7156,63
34.0,8766623767679,0.0,0.0,0,88,1537,525,238,82,24,3,7514,52
34.0,8766623740157,0.3333333333333333,0.0,0,53,1420,422,227,66,29,3,7745,81
34.0,8766623746082,0.6666666666666666,0.0,0,45,1442,451,226,72,22,2,7723,56
34.0,8766623746115,1.0,0.0,0,117,1634,579,283,99,31,5,7350,56
34.0,8766623746148,0.0,0.3333333333333333,0,64,1387,464,239,74,16,6,7608,56
34.0,8766623746181,0.3333333333333333,0.3333333333333333,0,46,1375,424,219,91,28,3,7704,73
34.0,8766623746214,0.6666666666666666,0.3333333333333333,0,57,1437,443,260,77,14,6,7520,67
34.0,8766623746247,1.0,0.3333333333333333,0,81,1559,536,292,86,26,3,7311,58
34.0,8766623746280,0.0,0.6666666666666666,0,85,1544,552,273,87,18,3,7449,67
34.0,8766623747597,0.3333333333333333,0.6666666666666666,0,68,1444,465,265,73,21,3,7503,68
35.0,8766623767679,0.0,0.0,0,51,1425,421,196,74,24,2,7813,57
35.0,8766623740157,0.3333333333333333,0.0,0,26,1301,339,186,55,29,3,8024,83
35.0,8766623746082,0.6666666666666666,0.0,0,23,1306,357,177,62,22,3,8022,67
35.0,8766623746115,1.0,0.0,0,63,1513,465,243,91,27,4,7685,63
35.0,8766623746148,0.0,0.3333333333333333,0,37,1259,382,188,68,15,5,7901,59
35.0,8766623746181,0.3333333333333333,0.3333333333333333,0,17,1273,343,180,82,28,1,7960,79
35.0,8766623746214,0.6666666666666666,0.3333333333333333,0,23,1295,366,218,74,12,5,7818,70
35.0,8766623746247,1.0,0.3333333333333333,0,49,1432,429,234,74,23,4,7638,69
35.0,8766623746280,0.0,0.6666666666666666,0,49,1422,466,219,82,16,4,7748,72
35.0,8766623747597,0.3333333333333333,0.6666666666666666,0,33,1310,384,215,64,20,4,7806,74
36.0,8766623767679,0.0,0.0,0,24,1325,330,152,64,23,3,8079,63
36.0,8766623740157,0.3333333333333333,0.0,0,14,1190,264,147,49,27,5,8262,88
36.0,8766623746082,0.6666666666666666,0.0,0,11,1195,273,134,64,19,4,8266,73
36.0,8766623746115,1.0,0.0,0,33,1394,379,193,79,27,3,7975,71
36.0,8766623746148,0.0,0.3333333333333333,0,12,1148,304,143,65,14,3,8161,64
36.0,8766623746181,0.3333333333333333,0.3333333333333333,0,7,1173,264,144,76,28,1,8188,82
36.0,8766623746214,0.6666666666666666,0.3333333333333333,0,8,1193,265,172,68,11,2,8088,74
36.0,8766623746247,1.0,0.3333333333333333,0,17,1310,345,201,67,22,4,7915,71
36.0,8766623746280,0.0,0.6666666666666666,0,25,1290,377,190,74,14,5,8022,81
36.0,8766623747597,0.3333333333333333,0.6666666666666666,0,6,1202,307,161,54,18,4,8074,84
37.0,8766623767679,0.0,0.0,0,5,1210,267,122,57,19,3,8312,68
37.0,8766623740157,0.3333333333333333,0.0,0,4,1106,190,114,44,24,6,8464,94
37.0,8766623746082,0.6666666666666666,0.0,0,3,1102,208,99,59,18,3,8470,77
37.0,8766623746115,1.0,0.0,0,10,1283,304,160,74,23,3,8220,77
37.0,8766623746148,0.0,0.3333333333333333,0,3,1041,232,116,60,12,5,8379,66
37.0,8766623746181,0.3333333333333333,0.3333333333333333,0,3,1082,193,122,69,24,0,8380,90
37.0,8766623746214,0.6666666666666666,0.3333333333333333,0,2,1088,207,135,60,12,1,8298,78
37.0,8766623746247,1.0,0.3333333333333333,0,9,1194,275,151,60,17,5,8163,78
37.0,8766623746280,0.0,0.6666666666666666,0,12,1179,293,163,63,14,3,8264,87
37.0,8766623747597,0.3333333333333333,0.6666666666666666,0,1,1072,237,127,48,17,3,8317,88
38.0,8766623767679,0.0,0.0,0,3,1100,209,95,50,16,5,8511,74
38.0,8766623740157,0.3333333333333333,0.0,0,1,1007,147,85,44,20,6,8639,97
38.0,8766623746082,0.6666666666666666,0.0,0,0,993,150,76,46,14,3,8672,85
38.0,8766623746115,1.0,0.0,0,4,1161,227,114,67,24,3,8471,83
38.0,8766623746148,0.0,0.3333333333333333,0,0,942,175,82,51,13,5,8579,67
38.0,8766623746181,0.3333333333333333,0.3333333333333333,0,0,988,145,90,65,24,1,8557,93
38.0,8766623746214,0.6666666666666666,0.3333333333333333,0,0,981,158,105,56,11,0,8488,82
38.0,8766623746247,1.0,0.3333333333333333,0,5,1090,217,110,48,15,4,8377,86
38.0,8766623746280,0.0,0.6666666666666666,0,6,1073,230,123,54,12,2,8482,96
38.0,8766623747597,0.3333333333333333,0.6666666666666666,0,0,971,180,94,48,17,1,8508,91
39.0,8766623767679,0.0,0.0,0,0,995,162,67,42,12,6,8699,80
39.0,8766623740157,0.3333333333333333,0.0,0,1,924,108,61,38,18,5,8790,101
39.0,8766623746082,0.6666666666666666,0.0,0,0,893,118,50,40,10,4,8834,90
39.0,8766623746115,1.0,0.0,0,1,1061,172,88,58,23,3,8662,86
39.0,8766623746148,0.0,0.3333333333333333,0,0,848,130,70,45,14,3,8735,69
39.0,8766623746181,0.3333333333333333,0.3333333333333333,0,0,893,105,70,55,21,1,8717,101
39.0,8766623746214,0.6666666666666666,0.3333333333333333,0,0,883,125,75,54,10,0,8648,86
39.0,8766623746247,1.0,0.3333333333333333,0,0,978,169,87,41,13,2,8574,88
39.0,8766623746280,0.0,0.6666666666666666,0,0,979,180,91,47,7,4,8669,101
39.0,8766623747597,0.3333333333333333,0.6666666666666666,0,0,861,133,73,39,14,2,8690,98
40.0,8766623767679,0.0,0.0,0,0,901,120,49,40,9,6,8857,81
40.0,8766623740157,0.3333333333333333,0.0,0,0,847,82,44,28,15,7,8919,104
40.0,8766623746082,0.6666666666666666,0.0,0,0,797,85,41,36,11,2,8975,92
40.0,8766623746115,1.0,0.0,0,0,953,142,63,55,21,3,8828,89
40.0,8766623746148,0.0,0.3333333333333333,0,0,754,102,55,40,12,2,8878,71
40.0,8766623746181,0.3333333333333333,0.3333333333333333,0,0,818,78,50,50,16,4,8842,105
40.0,8766623746214,0.6666666666666666,0.3333333333333333,0,0,793,91,57,49,8,2,8793,88
40.0,8766623746247,1.0,0.3333333333333333,0,0,890,120,63,39,12,1,8735,92
40.0,8766623746280,0.0,0.6666666666666666,0,0,877,128,63,48,7,4,8848,103
40.0,8766623747597,0.3333333333333333,0.6666666666666666,0,0,786,105,55,36,10,4,8811,103
41.0,8766623767679,0.0,0.0,0,0,818,77,35,35,8,5,9000,85
41.0,8766623740157,0.3333333333333333,0.0,0,0,776,59,33,25,12,6,9027,108
41.0,8766623746082,0.6666666666666666,0.0,0,0,724,61,25,31,12,2,9090,94
41.0,8766623746115,1.0,0.0,0,0,849,101,48,52,16,4,8991,93
41.0,8766623746148,0.0,0.3333333333333333,0,0,675,74,45,36,10,2,8995,77
41.0,8766623746181,0.3333333333333333,0.3333333333333333,0,0,721,51,39,44,13,3,8982,110
41.0,8766623746214,0.6666666666666666,0.3333333333333333,0,0,714,61,45,45,7,2,8915,92
41.0,8766623746247,1.0,0.3333333333333333,0,0,791,97,53,32,11,1,8872,95
41.0,8766623746280,0.0,0.6666666666666666,0,0,805,93,47,46,5,5,8972,105
41.0,8766623747597,0.3333333333333333,0.6666666666666666,0,0,697,77,37,35,10,0,8950,104
42.0,8766623767679,0.0,0.0,0,0,727,54,25,31,7,4,9128,87
42.0,8766623740157,0.3333333333333333,0.0,0,0,696,40,23,23,10,7,9139,108
42.0,8766623746082,0.6666666666666666,0.0,0,0,649,38,18,27,8,4,9199,96
42.0,8766623746115,1.0,0.0,0,0,767,68,40,44,16,4,9120,95
42.0,8766623746148,0.0,0.3333333333333333,0,0,610,49,33,29,8,1,9102,82
42.0,8766623746181,0.3333333333333333,0.3333333333333333,0,0,637,33,30,40,13,3,9095,112
42.0,8766623746214,0.6666666666666666,0.3333333333333333,0,0,636,48,27,37,6,2,9029,96
42.0,8766623746247,1.0,0.3333333333333333,0,0,706,70,38,31,11,2,8999,95
42.0,8766623746280,0.0,0.6666666666666666,0,0,724,71,36,40,5,3,9092,107
42.0,8766623747597,0.3333333333333333,0.6666666666666666,0,0,616,55,28,26,11,0,9066,108
43.0,8766623767679,0.0,0.0,0,0,639,37,18,26,6,3,9246,88
43.0,8766623740157,0.3333333333333333,0.0,0,0,619,27,19,20,5,3,9241,112
43.0,8766623746082,0.6666666666666666,0.0,0,0,561,27,13,25,7,4,9305,97
43.0,8766623746115,1.0,0.0,0,0,697,42,30,36,14,2,9234,99
43.0,8766623746148,0.0,0.3333333333333333,0,0,543,40,23,21,8,1,9192,86
43.0,8766623746181,0.3333333333333333,0.3333333333333333,0,0,561,25,23,35,11,4,9189,115
43.0,8766623746214,0.6666666666666666,0.3333333333333333,0,0,555,28,15,32,3,3,9144,101
43.0,8766623746247,1.0,0.3333333333333333,0,0,626,45,25,29,8,1,9121,97
43.0,8766623746280,0.0,0.6666666666666666,0,0,638,44,26,34,4,3,9221,108
43.0,8766623747597,0.3333333333333333,0.6666666666666666,0,0,550,32,20,23,10,0,9164,111
44.0,8766623767679,0.0,0.0,0,0,568,22,11,23,6,2,9342,89
44.0,8766623740157,0.3333333333333333,0.0,0,0,537,18,17,18,3,3,9338,112
44.0,8766623746082,0.6666666666666666,0.0,0,0,500,20,5,21,5,4,9384,100
44.0,8766623746115,1.0,0.0,0,0,628,32,22,31,10,5,9325,101
44.0,8766623746148,0.0,0.3333333333333333,0,0,474,27,20,17,4,1,9280,91
44.0,8766623746181,0.3333333333333333,0.3333333333333333,0,0,494,19,14,30,9,1,9280,116
44.0,8766623746214,0.6666666666666666,0.3333333333333333,0,0,489,21,8,26,2,2,9229,104
44.0,8766623746247,1.0,0.3333333333333333,0,0,561,28,18,25,8,1,9211,100
44.0,8766623746280,0.0,0.6666666666666666,0,0,562,31,17,30,3,1,9323,111
44.0,8766623747597,0.3333333333333333,0.6666666666666666,0,0,488,23,16,19,8,0,9244,112
45.0,8766623767679,0.0,0.0,0,0,499,15,9,21,5,3,9421,90
45.0,8766623740157,0.3333333333333333,0.0,0,0,468,13,11,17,3,3,9418,113
45.0,8766623746082,0.6666666666666666,0.0,0,0,438,15,5,16,5,4,9455,101
45.0,8766623746115,1.0,0.0,0,0,554,22,13,25,9,4,9424,103
45.0,8766623746148,0.0,0.3333333333333333,0,0,415,20,14,15,4,1,9352,93
45.0,8766623746181,0.3333333333333333,0.3333333333333333,0,0,436,14,9,26,7,2,9351,118
45.0,8766623746214,0.6666666666666666,0.3333333333333333,0,0,420,10,7,22,1,3,9313,105
45.0,8766623746247,1.0,0.3333333333333333,0,0,488,14,13,22,8,0,9305,102
45.0,8766623746280,0.0,0.6666666666666666,0,0,496,21,12,25,3,0,9408,113
45.0,8766623747597,0.3333333333333333,0.6666666666666666,0,0,430,10,5,17,7,0,9327,114
46.0,8766623767679,0.0,0.0,0,0,444,11,6,17,5,3,9485,92
46.0,8766623740157,0.3333333333333333,0.0,0,0,410,7,8,13,3,2,9489,114
46.0,8766623746082,0.6666666666666666,0.0,0,0,386,7,2,15,3,2,9521,103
46.0,8766623746115,1.0,0.0,0,0,481,17,6,19,8,3,9513,107
46.0,8766623746148,0.0,0.3333333333333333,0,0,361,13,13,12,3,2,9416,94
46.0,8766623746181,0.3333333333333333,0.3333333333333333,0,0,388,9,4,22,6,1,9411,122
46.0,8766623746214,0.6666666666666666,0.3333333333333333,0,0,366,4,6,20,0,4,9376,105
46.0,8766623746247,1.0,0.3333333333333333,0,0,417,11,12,20,8,0,9382,102
46.0,8766623746280,0.0,0.6666666666666666,0,0,429,13,7,25,3,0,9488,113
46.0,8766623747597,0.3333333333333333,0.6666666666666666,0,0,371,7,3,16,4,2,9391,116
47.0,8766623767679,0.0,0.0,0,0,387,7,4,14,4,1,9551,95
47.0,8766623740157,0.3333333333333333,0.0,0,0,347,3,7,10,2,1,9560,116
47.0,8766623746082,0.6666666666666666,0.0,0,0,337,5,1,15,2,1,9574,104
47.0,8766623746115,1.0,0.0,0,0,436,10,4,15,7,1,9573,108
47.0,8766623746148,0.0,0.3333333333333333,0,0,316,7,7,11,1,2,9475,95
47.0,8766623746181,0.3333333333333333,0.3333333333333333,0,0,350,6,2,19,4,1,9456,125
47.0,8766623746214,0.6666666666666666,0.3333333333333333,0,0,320,2,3,19,0,2,9429,106
47.0,8766623746247,1.0,0.3333333333333333,0,0,365,6,6,19,7,1,9446,102
47.0,8766623746280,0.0,0.6666666666666666,0,0,364,10,4,24,3,0,9560,113
47.0,8766623747597,0.3333333333333333,0.6666666666666666,0,0,331,6,3,14,4,2,9434,116
48.0,8766623767679,0.0,0.0,0,0,325,6,3,10,3,1,9619,96
48.0,8766623740157,0.3333333333333333,0.0,0,0,300,3,2,10,2,1,9612,116
48.0,8766623746082,0.6666666666666666,0.0,0,0,281,1,1,13,1,2,9635,105
48.0,8766623746115,1.0,0.0,0,0,369,7,4,11,4,2,9646,111
48.0,8766623746148,0.0,0.3333333333333333,0,0,265,5,2,10,0,1,9534,97
48.0,8766623746181,0.3333333333333333,0.3333333333333333,0,0,293,4,1,14,5,0,9521,125
48.0,8766623746214,0.6666666666666666,0.3333333333333333,0,0,269,2,2,18,0,1,9482,107
48.0,8766623746247,1.0,0.3333333333333333,0,0,319,4,4,14,7,1,9499,104
48.0,8766623746280,0.0,0.6666666666666666,0,0,316,5,4,18,2,0,9617,116
48.0,8766623747597,0.3333333333333333,0.6666666666666666,0,0,273,5,3,11,3,2,9495,118
49.0,8766623767679,0.0,0.0,0,0,275,6,3,10,3,0,9670,96
49.0,8766623740157,0.3333333333333333,0.0,0,0,250,0,1,9,0,3,9667,116
49.0,8766623746082,0.6666666666666666,0.0,0,0,239,1,1,11,0,2,9680,105
49.0,8766623746115,1.0,0.0,0,0,301,4,3,10,4,2,9719,111
49.0,8766623746148,0.0,0.3333333333333333,0,0,212,1,0,9,0,0,9594,98
49.0,8766623746181,0.3333333333333333,0.3333333333333333,0,0,241,1,1,10,5,0,9580,125
49.0,8766623746214,0.6666666666666666,0.3333333333333333,0,0,234,2,2,12,0,0,9523,108
49.0,8766623746247,1.0,0.3333333333333333,0,0,272,3,2,13,7,0,9551,104
49.0,8766623746280,0.0,0.6666666666666666,0,0,266,4,2,13,2,0,9675,116
49.0,8766623747597,0.3333333333333333,0.6666666666666666,0,0,231,4,2,10,2,2,9540,119
50.0,8766623767679,0.0,0.0,0,0,218,3,2,9,2,0,9732,97
50.0,8766623740157,0.3333333333333333,0.0,0,0,214,0,1,8,0,2,9705,116
50.0,8766623746082,0.6666666666666666,0.0,0,0,197,0,1,10,0,0,9726,105
50.0,8766623746115,1.0,0.0,0,0,258,4,1,8,3,2,9766,112
50.0,8766623746148,0.0,0.3333333333333333,0,0,178,1,0,8,0,0,9629,98
50.0,8766623746181,0.3333333333333333,0.3333333333333333,0,0,193,0,0,9,5,0,9630,126
50.0,8766623746214,0.6666666666666666,0.3333333333333333,0,0,180,0,1,11,0,0,9581,108
50.0,8766623746247,1.0,0.3333333333333333,0,0,231,1,2,12,5,2,9595,104
50.0,8766623746280,0.0,0.6666666666666666,0,0,228,1,0,12,2,0,9718,117
50.0,8766623747597,0.3333333333333333,0.6666666666666666,0,0,190,2,2,6,2,1,9588,119
51.0,8766623767679,0.0,0.0,0,0,175,1,2,7,1,0,9779,98
51.0,8766623740157,0.3333333333333333,0.0,0,0,162,0,1,7,0,1,9759,116
51.0,8766623746082,0.6666666666666666,0.0,0,0,159,0,1,9,0,0,9765,105
51.0,8766623746115,1.0,0.0,0,0,215,2,0,7,3,2,9813,112
51.0,8766623746148,0.0,0.3333333333333333,0,0,139,1,0,6,0,0,9669,99
51.0,8766623746181,0.3333333333333333,0.3333333333333333,0,0,154,0,0,9,5,0,9669,126
51.0,8766623746214,0.6666666666666666,0.3333333333333333,0,0,151,0,0,8,0,0,9613,109
51.0,8766623746247,1.0,0.3333333333333333,0,0,202,1,0,12,3,4,9626,104
51.0,8766623746280,0.0,0.6666666666666666,0,0,196,1,0,9,1,1,9753,117
51.0,8766623747597,0.3333333333333333,0.6666666666666666,0,0,157,0,1,5,1,1,9625,120
52.0,8766623767679,0.0,0.0,0,0,141,0,0,7,1,0,9816,98
52.0,8766623740157,0.3333333333333333,0.0,0,0,131,0,1,7,0,1,9790,116
52.0,8766623746082,0.6666666666666666,0.0,0,0,129,0,1,8,0,0,9795,106
52.0,8766623746115,1.0,0.0,0,0,177,2,0,5,3,1,9854,112
52.0,8766623746148,0.0,0.3333333333333333,0,0,102,0,0,5,0,0,9707,100
52.0,8766623746181,0.3333333333333333,0.3333333333333333,0,0,111,0,0,8,3,0,9714,127
52.0,8766623746214,0.6666666666666666,0.3333333333333333,0,0,122,0,0,7,0,0,9643,109
52.0,8766623746247,1.0,0.3333333333333333,0,0,160,0,0,10,2,4,9670,106
52.0,8766623746280,0.0,0.6666666666666666,0,0,163,0,0,6,1,1,9789,118
52.0,8766623747597,0.3333333333333333,0.6666666666666666,0,0,121,0,1,5,1,1,9661,120
53.0,8766623767679,0.0,0.0,0,0,115,0,0,6,1,0,9843,98
53.0,8766623740157,0.3333333333333333,0.0,0,0,101,0,0,7,0,1,9821,116
53.0,8766623746082,0.6666666666666666,0.0,0,0,107,0,0,6,0,0,9819,107
53.0,8766623746115,1.0,0.0,0,0,145,0,0,5,2,1,9888,113
53.0,8766623746148,0.0,0.3333333333333333,0,0,81,0,0,4,0,0,9728,101
53.0,8766623746181,0.3333333333333333,0.3333333333333333,0,0,97,0,0,7,1,0,9729,129
53.0,8766623746214,0.6666666666666666,0.3333333333333333,0,0,94,0,0,6,0,0,9672,109
53.0,8766623746247,1.0,0.3333333333333333,0,0,133,0,0,8,1,2,9701,107
53.0,8766623746280,0.0,0.6666666666666666,0,0,127,0,0,5,1,1,9826,118
53.0,8766623747597,0.3333333333333333,0.6666666666666666,0,0,97,0,0,4,1,1,9687,120
54.0,8766623767679,0.0,0.0,0,0,90,0,0,4,1,0,9870,98
54.0,8766623740157,0.3333333333333333,0.0,0,0,85,0,0,6,0,1,9838,116
54.0,8766623746082,0.6666666666666666,0.0,0,0,85,0,0,5,0,0,9842,107
54.0,8766623746115,1.0,0.0,0,0,106,0,0,4,2,1,9928,113
54.0,8766623746148,0.0,0.3333333333333333,0,0,61,0,0,4,0,0,9748,101
54.0,8766623746181,0.3333333333333333,0.3333333333333333,0,0,75,0,0,7,0,0,9751,130
54.0,8766623746214,0.6666666666666666,0.3333333333333333,0,0,75,0,0,5,0,0,9692,109
54.0,8766623746247,1.0,0.3333333333333333,0,0,105,0,0,7,0,2,9731,107
54.0,8766623746280,0.0,0.6666666666666666,0,0,106,0,0,5,1,0,9848,118
54.0,8766623747597,0.3333333333333333,0.6666666666666666,0,0,80,0,0,2,1,0,9707,120
55.0,8766623767679,0.0,0.0,0,0,68,0,0,3,1,0,9893,98
55.0,8766623740157,0.3333333333333333,0.0,0,0,75,0,0,3,0,0,9852,116
55.0,8766623746082,0.6666666666666666,0.0,0,0,68,0,0,5,0,0,9859,107
55.0,8766623746115,1.0,0.0,0,0,80,0,0,4,2,1,9954,113
55.0,8766623746148,0.0,0.3333333333333333,0,0,44,0,0,3,0,0,9766,101
55.0,8766623746181,0.3333333333333333,0.3333333333333333,0,0,59,0,0,7,0,0,9767,130
55.0,8766623746214,0.6666666666666666,0.3333333333333333,0,0,59,0,0,5,0,0,9708,109
55.0,8766623746247,1.0,0.3333333333333333,0,0,83,0,0,6,0,1,9755,107
55.0,8766623746280,0.0,0.6666666666666666,0,0,85,0,0,3,1,0,9869,120
55.0,8766623747597,0.3333333333333333,0.6666666666666666,0,0,60,0,0,2,0,0,9728,120
56.0,8766623767679,0.0,0.0,0,0,52,0,0,3,1,0,9909,98
56.0,8766623740157,0.3333333333333333,0.0,0,0,56,0,0,3,0,0,9871,116
56.0,8766623746082,0.6666666666666666,0.0,0,0,49,0,0,5,0,0,9878,107
56.0,8766623746115,1.0,0.0,0,0,63,0,0,4,2,0,9972,113
56.0,8766623746148,0.0,0.3333333333333333,0,0,30,0,0,3,0,0,9780,101
56.0,8766623746181,0.3333333333333333,0.3333333333333333,0,0,49,0,0,7,0,0,9777,130
56.0,8766623746214,0.6666666666666666,0.3333333333333333,0,0,48,0,0,4,0,0,9720,109
56.0,8766623746247,1.0,0.3333333333333333,0,0,60,0,0,5,0,0,9780,107
56.0,8766623746280,0.0,0.6666666666666666,0,0,72,0,0,3,1,0,9882,120
56.0,8766623747597,0.3333333333333333,0.6666666666666666,0,0,49,0,0,2,0,0,9739,120
57.0,8766623767679,0.0,0.0,0,0,37,0,0,1,1,0,9926,98
57.0,8766623740157,0.3333333333333333,0.0,0,0,45,0,0,3,0,0,9882,116
57.0,8766623746082,0.6666666666666666,0.0,0,0,33,0,0,5,0,0,9894,107
57.0,8766623746115,1.0,0.0,0,0,46,0,0,3,2,0,9990,113
57.0,8766623746148,0.0,0.3333333333333333,0,0,24,0,0,3,0,0,9786,101
57.0,8766623746181,0.3333333333333333,0.3333333333333333,0,0,40,0,0,6,0,0,9787,130
57.0,8766623746214,0.6666666666666666,0.3333333333333333,0,0,34,0,0,4,0,0,9734,109
57.0,8766623746247,1.0,0.3333333333333333,0,0,49,0,0,4,0,0,9792,107
57.0,8766623746280,0.0,0.6666666666666666,0,0,54,0,0,3,0,0,9900,121
57.0,8766623747597,0.3333333333333333,0.6666666666666666,0,0,34,0,0,2,0,0,9754,120
58.0,8766623767679,0.0,0.0,0,0,28,0,0,1,0,0,9935,99
58.0,8766623740157,0.3333333333333333,0.0,0,0,37,0,0,3,0,0,9890,116
58.0,8766623746082,0.6666666666666666,0.0,0,0,24,0,0,5,0,0,9903,107
58.0,8766623746115,1.0,0.0,0,0,37,0,0,3,2,0,9999,113
58.0,8766623746148,0.0,0.3333333333333333,0,0,16,0,0,3,0,0,9794,101
58.0,8766623746181,0.3333333333333333,0.3333333333333333,0,0,29,0,0,3,0,0,9801,130
58.0,8766623746214,0.6666666666666666,0.3333333333333333,0,0,27,0,0,3,0,0,9742,109
58.0,8766623746247,1.0,0.3333333333333333,0,0,41,0,0,3,0,0,9801,107
58.0,8766623746280,0.0,0.6666666666666666,0,0,37,0,0,3,0,0,9917,121
58.0,8766623747597,0.3333333333333333,0.6666666666666666,0,0,22,0,0,2,0,0,9766,120
59.0,8766623767679,0.0,0.0,0,0,20,0,0,0,0,0,9944,99
59.0,8766623740157,0.3333333333333333,0.0,0,0,25,0,0,2,0,0,9903,116
59.0,8766623746082,0.6666666666666666,0.0,0,0,18,0,0,5,0,0,9909,107
59.0,8766623746115,1.0,0.0,0,0,31,0,0,2,2,0,10006,113
59.0,8766623746148,0.0,0.3333333333333333,0,0,12,0,0,2,0,0,9799,101
59.0,8766623746181,0.3333333333333333,0.3333333333333333,0,0,23,0,0,3,0,0,9807,130
59.0,8766623746214,0.6666666666666666,0.3333333333333333,0,0,22,0,0,2,0,0,9748,109
59.0,8766623746247,1.0,0.3333333333333333,0,0,32,0,0,2,0,0,9811,107
59.0,8766623746280,0.0,0.6666666666666666,0,0,21,0,0,3,0,0,9933,121
59.0,8766623747597,0.3333333333333333,0.6666666666666666,0,0,18,0,0,2,0,0,9770,120
60.0,8766623767679,0.0,0.0,0,0,15,0,0,0,0,0,9949,99
60.0,8766623740157,0.3333333333333333,0.0,0,0,20,0,0,2,0,0,9908,116
60.0,8766623746082,0.6666666666666666,0.0,0,0,13,0,0,4,0,0,9915,107
60.0,8766623746115,1.0,0.0,0,0,25,0,0,2,2,0,10012,113
60.0,8766623746148,0.0,0.3333333333333333,0,0,8,0,0,1,0,0,9804,101
60.0,8766623746181,0.3333333333333333,0.3333333333333333,0,0,16,0,0,3,0,0,9814,130
60.0,8766623746214,0.6666666666666666,0.3333333333333333,0,0,17,0,0,1,0,0,9754,109
60.0,8766623746247,1.0,0.3333333333333333,0,0,25,0,0,2,0,0,9818,107
60.0,8766623746280,0.0,0.6666666666666666,0,0,10,0,0,1,0,0,9946,121
60.0,8766623747597,0.3333333333333333,0.6666666666666666,0,0,16,0,0,2,0,0,9772,120
61.0,8766623767679,0.0,0.0,0,0,11,0,0,0,0,0,9953,99
61.0,8766623740157,0.3333333333333333,0.0,0,0,14,0,0,1,0,0,9915,116
61.0,8766623746082,0.6666666666666666,0.0,0,0,6,0,0,4,0,0,9922,107
61.0,8766623746115,1.0,0.0,0,0,20,0,0,2,1,0,10017,114
61.0,8766623746148,0.0,0.3333333333333333,0,0,6,0,0,1,0,0,9806,101
61.0,8766623746181,0.3333333333333333,0.3333333333333333,0,0,15,0,0,3,0,0,9815,130
61.0,8766623746214,0.6666666666666666,0.3333333333333333,0,0,13,0,0,1,0,0,9758,109
61.0,8766623746247,1.0,0.3333333333333333,0,0,20,0,0,2,0,0,9823,107
61.0,8766623746280,0.0,0.6666666666666666,0,0,8,0,0,0,0,0,9949,121
61.0,8766623747597,0.3333333333333333,0.6666666666666666,0,0,9,0,0,2,0,0,9779,120
62.0,8766623767679,0.0,0.0,0,0,9,0,0,0,0,0,9955,99
62.0,8766623740157,0.3333333333333333,0.0,0,0,10,0,0,1,0,0,9919,116
62.0,8766623746082,0.6666666666666666,0.0,0,0,4,0,0,4,0,0,9924,107
62.0,8766623746115,1.0,0.0,0,0,13,0,0,2,1,0,10024,114
62.0,8766623746148,0.0,0.3333333333333333,0,0,4,0,0,0,0,0,9809,101
62.0,8766623746181,0.3333333333333333,0.3333333333333333,0,0,11,0,0,2,0,0,9820,130
62.0,8766623746214,0.6666666666666666,0.3333333333333333,0,0,7,0,0,1,0,0,9764,109
62.0,8766623746247,1.0,0.3333333333333333,0,0,12,0,0,2,0,0,9831,107
62.0,8766623746280,0.0,0.6666666666666666,0,0,4,0,0,0,0,0,9953,121
62.0,8766623747597,0.3333333333333333,0.6666666666666666,0,0,5,0,0,2,0,0,9783,120
63.0,8766623767679,0.0,0.0,0,0,5,0,0,0,0,0,9959,99
63.0,8766623740157,0.3333333333333333,0.0,0,0,5,0,0,1,0,0,9924,116
63.0,8766623746082,0.6666666666666666,0.0,0,0,3,0,0,4,0,0,9925,107
63.0,8766623746115,1.0,0.0,0,0,10,0,0,2,1,0,10027,114
63.0,8766623746148,0.0,0.3333333333333333,0,0,4,0,0,0,0,0,9809,101
63.0,8766623746181,0.3333333333333333,0.3333333333333333,0,0,8,0,0,2,0,0,9823,130
63.0,8766623746214,0.6666666666666666,0.3333333333333333,0,0,6,0,0,0,0,0,9766,109
63.0,8766623746247,1.0,0.3333333333333333,0,0,8,0,0,1,0,0,9836,107
63.0,8766623746280,0.0,0.6666666666666666,0,0,3,0,0,0,0,0,9954,121
63.0,8766623747597,0.3333333333333333,0.6666666666666666,0,0,2,0,0,2,0,0,9786,120
64.0,8766623767679,0.0,0.0,0,0,4,0,0,0,0,0,9960,99
64.0,8766623740157,0.3333333333333333,0.0,0,0,3,0,0,1,0,0,9926,116
64.0,8766623746082,0.6666666666666666,0.0,0,0,3,0,0,4,0,0,9925,107
64.0,8766623746115,1.0,0.0,0,0,6,0,0,2,0,0,10031,115
64.0,8766623746148,0.0,0.3333333333333333,0,0,3,0,0,0,0,0,9810,101
64.0,8766623746181,0.3333333333333333,0.3333333333333333,0,0,7,0,0,2,0,0,9824,130
64.0,8766623746214,0.6666666666666666,0.3333333333333333,0,0,4,0,0,0,0,0,9768,109
64.0,8766623746247,1.0,0.3333333333333333,0,0,7,0,0,1,0,0,9837,107
64.0,8766623746280,0.0,0.6666666666666666,0,0,2,0,0,0,0,0,9955,121
64.0,8766623747597,0.3333333333333333,0.6666666666666666,0,0,2,0,0,1,0,0,9787,120
65.0,8766623767679,0.0,0.0,0,0,3,0,0,0,0,0,9961,99
65.0,8766623740157,0.3333333333333333,0.0,0,0,3,0,0,1,0,0,9926,116
65.0,8766623746082,0.6666666666666666,0.0,0,0,2,0,0,3,0,0,9927,107
65.0,8766623746115,1.0,0.0,0,0,6,0,0,2,0,0,10031,115
65.0,8766623746148,0.0,0.3333333333333333,0,0,1,0,0,0,0,0,9812,101
65.0,8766623746181,0.3333333333333333,0.3333333333333333,0,0,4,0,0,1,0,0,9828,130
65.0,8766623746214,0.6666666666666666,0.3333333333333333,0,0,3,0,0,0,0,0,9769,109
65.0,8766623746247,1.0,0.3333333333333333,0,0,5,0,0,1,0,0,9839,107
65.0,8766623746280,0.0,0.6666666666666666,0,0,2,0,0,0,0,0,9955,121
65.0,8766623747597,0.3333333333333333,0.6666666666666666,0,0,1,0,0,1,0,0,9788,120
66.0,8766623767679,0.0,0.0,0,0,3,0,0,0,0,0,9961,99
66.0,8766623740157,0.3333333333333333,0.0,0,0,3,0,0,1,0,0,9926,116
66.0,8766623746082,0.6666666666666666,0.0,0,0,2,0,0,3,0,0,9927,107
66.0,8766623746115,1.0,0.0,0,0,6,0,0,2,0,0,10031,115
66.0,8766623746148,0.0,0.3333333333333333,0,0,1,0,0,0,0,0,9812,101
66.0,8766623746181,0.3333333333333333,0.3333333333333333,0,0,4,0,0,0,0,0,9829,130
66.0,8766623746214,0.6666666666666666,0.3333333333333333,0,0,1,0,0,0,0,0,9771,109
66.0,8766623746247,1.0,0.3333333333333333,0,0,4,0,0,1,0,0,9840,107
66.0,8766623746280,0.0,0.6666666666666666,0,0,1,0,0,0,0,0,9956,121
66.0,8766623747597,0.3333333333333333,0.6666666666666666,0,0,1,0,0,1,0,0,9788,120
67.0,8766623767679,0.0,0.0,0,0,3,0,0,0,0,0,9961,99
67.0,8766623740157,0.3333333333333333,0.0,0,0,1,0,0,1,0,0,9928,116
67.0,8766623746082,0.6666666666666666,0.0,0,0,1,0,0,3,0,0,9928,107
67.0,8766623746115,1.0,0.0,0,0,4,0,0,2,0,0,10033,115
67.0,8766623746148,0.0,0.3333333333333333,0,0,0,0,0,0,0,0,9813,101
67.0,8766623746181,0.3333333333333333,0.3333333333333333,0,0,3,0,0,0,0,0,9830,130
67.0,8766623746214,0.6666666666666666,0.3333333333333333,0,0,1,0,0,0,0,0,9771,109
67.0,8766623746247,1.0,0.3333333333333333,0,0,4,0,0,1,0,0,9840,107
67.0,8766623746280,0.0,0.6666666666666666,0,0,0,0,0,0,0,0,9957,121
67.0,8766623747597,0.3333333333333333,0.6666666666666666,0,0,1,0,0,1,0,0,9788,120
68.0,8766623767679,0.0,0.0,0,0,1,0,0,0,0,0,9963,99
68.0,8766623740157,0.3333333333333333,0.0,0,0,1,0,0,1,0,0,9928,116
68.0,8766623746082,0.6666666666666666,0.0,0,0,1,0,0,2,0,0,9929,107
68.0,8766623746115,1.0,0.0,0,0,3,0,0,1,0,0,10035,115
68.0,8766623746148,0.0,0.3333333333333333,0,0,0,0,0,0,0,0,9813,101
68.0,8766623746181,0.3333333333333333,0.3333333333333333,0,0,1,0,0,0,0,0,9832,130
68.0,8766623746214,0.6666666666666666,0.3333333333333333,0,0,1,0,0,0,0,0,9771,109
68.0,8766623746247,1.0,0.3333333333333333,0,0,1,0,0,1,0,0,9843,107
68.0,8766623746280,0.0,0.6666666666666666,0,0,0,0,0,0,0,0,9957,121
68.0,8766623747597,0.3333333333333333,0.6666666666666666,0,0,0,0,0,1,0,0,9789,120
69.0,8766623767679,0.0,0.0,0,0,0,0,0,0,0,0,9964,99
69.0,8766623740157,0.3333333333333333,0.0,0,0,1,0,0,0,0,0,9929,116
69.0,8766623746082,0.6666666666666666,0.0,0,0,1,0,0,1,0,0,9930,107
69.0,8766623746115,1.0,0.0,0,0,1,0,0,1,0,0,10037,115
69.0,8766623746148,0.0,0.3333333333333333,0,0,0,0,0,0,0,0,9813,101
69.0,8766623746181,0.3333333333333333,0.3333333333333333,0,0,1,0,0,0,0,0,9832,130
69.0,8766623746214,0.6666666666666666,0.3333333333333333,0,0,1,0,0,0,0,0,9771,109
69.0,8766623746247,1.0,0.3333333333333333,0,0,1,0,0,1,0,0,9843,107
69.0,8766623746280,0.0,0.6666666666666666,0,0,0,0,0,0,0,0,9957,121
69.0,8766623747597,0.3333333333333333,0.6666666666666666,0,0,0,0,0,0,0,0,9790,120
70.0,8766623767679,0.0,0.0,0,0,0,0,0,0,0,0,9964,99
70.0,8766623740157,0.3333333333333333,0.0,0,0,0,0,0,0,0,0,9930,116
70.0,8766623746082,0.6666666666666666,0.0,0,0,1,0,0,1,0,0,9930,107
70.0,8766623746115,1.0,0.0,0,0,0,0,0,1,0,0,10038,115
70.0,8766623746148,0.0,0.3333333333333333,0,0,0,0,0,0,0,0,9813,101
70.0,8766623746181,0.3333333333333333,0.3333333333333333,0,0,1,0,0,0,0,0,9832,130
70.0,8766623746214,0.6666666666666666,0.3333333333333333,0,0,0,0,0,0,0,0,9772,109
70.0,8766623746247,1.0,0.3333333333333333,0,0,1,0,0,1,0,0,9843,107
70.0,8766623746280,0.0,0.6666666666666666,0,0,0,0,0,0,0,0,9957,121
70.0,8766623747597,0.3333333333333333,0.6666666666666666,0,0,0,0,0,0,0,0,9790,120
71.0,8766623767679,0.0,0.0,0,0,0,0,0,0,0,0,9964,99
71.0,8766623740157,0.3333333333333333,0.0,0,0,0,0,0,0,0,0,9930,116
71.0,8766623746082,0.6666666666666666,0.0,0,0,0,0,0,1,0,0,9931,107
71.0,8766623746115,1.0,0.0,0,0,0,0,0,1,0,0,10038,115
71.0,8766623746148,0.0,0.3333333333333333,0,0,0,0,0,0,0,0,9813,101
71.0,8766623746181,0.3333333333333333,0.3333333333333333,0,0,1,0,0,0,0,0,9832,130
71.0,8766623746214,0.6666666666666666,0.3333333333333333,0,0,0,0,0,0,0,0,9772,109
71.0,8766623746247,1.0,0.3333333333333333,0,0,0,0,0,1,0,0,9844,107
71.0,8766623746280,0.0,0.6666666666666666,0,0,0,0,0,0,0,0,9957,121
71.0,8766623747597,0.3333333333333333,0.6666666666666666,0,0,0,0,0,0,0,0,9790,120
72.0,8766623767679,0.0,0.0,0,0,0,0,0,0,0,0,9964,99
72.0,8766623740157,0.3333333333333333,0.0,0,0,0,0,0,0,0,0,9930,116
72.0,8766623746082,0.6666666666666666,0.0,0,0,0,0,0,1,0,0,9931,107
72.0,8766623746115,1.0,0.0,0,0,0,0,0,1,0,0,10038,115
72.0,8766623746148,0.0,0.3333333333333333,0,0,0,0,0,0,0,0,9813,101
72.0,8766623746181,0.3333333333333333,0.3333333333333333,0,0,0,0,0,0,0,0,9833,130
72.0,8766623746214,0.6666666666666666,0.3333333333333333,0,0,0,0,0,0,0,0,9772,109
72.0,8766623746247,1.0,0.3333333333333333,0,0,0,0,0,0,0,0,9845,107
72.0,8766623746280,0.0,0.6666666666666666,0,0,0,0,0,0,0,0,9957,121
72.0,8766623747597,0.3333333333333333,0.6666666666666666,0,0,0,0,0,0,0,0,9790,120
73.0,8766623767679,0.0,0.0,0,0,0,0,0,0,0,0,9964,99
73.0,8766623740157,0.3333333333333333,0.0,0,0,0,0,0,0,0,0,9930,116
73.0,8766623746082,0.6666666666666666,0.0,0,0,0,0,0,1,0,0,9931,107
73.0,8766623746115,1.0,0.0,0,0,0,0,0,1,0,0,10038,115
73.0,8766623746148,0.0,0.3333333333333333,0,0,0,0,0,0,0,0,9813,101
73.0,8766623746181,0.3333333333333333,0.3333333333333333,0,0,0,0,0,0,0,0,9833,130
73.0,8766623746214,0.6666666666666666,0.3333333333333333,0,0,0,0,0,0,0,0,9772,109
73.0,8766623746247,1.0,0.3333333333333333,0,0,0,0,0,0,0,0,9845,107
73.0,8766623746280,0.0,0.6666666666666666,0,0,0,0,0,0,0,0,9957,121
73.0,8766623747597,0.3333333333333333,0.6666666666666666,0,0,0,0,0,0,0,0,9790,120
74.0,8766623767679,0.0,0.0,0,0,0,0,0,0,0,0,9964,99
74.0,8766623740157,0.3333333333333333,0.0,0,0,0,0,0,0,0,0,9930,116
74.0,8766623746082,0.6666666666666666,0.0,0,0,0,0,0,1,0,0,9931,107
74.0,8766623746115,1.0,0.0,0,0,0,0,0,1,0,0,10038,115
74.0,8766623746148,0.0,0.3333333333333333,0,0,0,0,0,0,0,0,9813,101
74.0,8766623746181,0.3333333333333333,0.3333333333333333,0,0,0,0,0,0,0,0,9833,130
74.0,8766623746214,0.6666666666666666,0.3333333333333333,0,0,0,0,0,0,0,0,9772,109
74.0,8766623746247,1.0,0.3333333333333333,0,0,0,0,0,0,0,0,9845,107
74.0,8766623746280,0.0,0.6666666666666666,0,0,0,0,0,0,0,0,9957,121
74.0,8766623747597,0.3333333333333333,0.6666666666666666,0,0,0,0,0,0,0,0,9790,120
75.0,8766623767679,0.0,0.0,0,0,0,0,0,0,0,0,9964,99
75.0,8766623740157,0.3333333333333333,0.0,0,0,0,0,0,0,0,0,9930,116
75.0,8766623746082,0.6666666666666666,0.0,0,0,0,0,0,0,0,0,9932,107
75.0,8766623746115,1.0,0.0,0,0,0,0,0,1,0,0,10038,115
75.0,8766623746148,0.0,0.3333333333333333,0,0,0,0,0,0,0,0,9813,101
75.0,8766623746181,0.3333333333333333,0.3333333333333333,0,0,0,0,0,0,0,0,9833,130
75.0,8766623746214,0.6666666666666666,0.3333333333333333,0,0,0,0,0,0,0,0,9772,109
75.0,8766623746247,1.0,0.3333333333333333,0,0,0,0,0,0,0,0,9845,107
75.0,8766623746280,0.0,0.6666666666666666,0,0,0,0,0,0,0,0,9957,121
75.0,8766623747597,0.3333333333333333,0.6666666666666666,0,0,0,0,0,0,0,0,9790,120
76.0,8766623767679,0.0,0.0,0,0,0,0,0,0,0,0,9964,99
76.0,8766623740157,0.3333333333333333,0.0,0,0,0,0,0,0,0,0,9930,116
76.0,8766623746082,0.6666666666666666,0.0,0,0,0,0,0,0,0,0,9932,107
76.0,8766623746115,1.0,0.0,0,0,0,0,0,1,0,0,10038,115
76.0,8766623746148,0.0,0.3333333333333333,0,0,0,0,0,0,0,0,9813,101
76.0,8766623746181,0.3333333333333333,0.3333333333333333,0,0,0,0,0,0,0,0,9833,130
76.0,8766623746214,0.6666666666666666,0.3333333333333333,0,0,0,0,0,0,0,0,9772,109
76.0,8766623746247,1.0,0.3333333333333333,0,0,0,0,0,0,0,0,9845,107
76.0,8766623746280,0.0,0.6666666666666666,0,0,0,0,0,0,0,0,9957,121
76.0,8766623747597,0.3333333333333333,0.6666666666666666,0,0,0,0,0,0,0,0,9790,120
77.0,8766623767679,0.0,0.0,0,0,0,0,0,0,0,0,9964,99
77.0,8766623740157,0.3333333333333333,0.0,0,0,0,0,0,0,0,0,9930,116
77.0,8766623746082,0.6666666666666666,0.0,0,0,0,0,0,0,0,0,9932,107
77.0,8766623746115,1.0,0.0,0,0,0,0,0,0,0,0,10039,115
77.0,8766623746148,0.0,0.3333333333333333,0,0,0,0,0,0,0,0,9813,101
77.0,8766623746181,0.3333333333333333,0.3333333333333333,0,0,0,0,0,0,0,0,9833,130
77.0,8766623746214,0.6666666666666666,0.3333333333333333,0,0,0,0,0,0,0,0,9772,109
77.0,8766623746247,1.0,0.3333333333333333,0,0,0,0,0,0,0,0,9845,107
77.0,8766623746280,0.0,0.6666666666666666,0,0,0,0,0,0,0,0,9957,121
77.0,8766623747597,0.3333333333333333,0.6666666666666666,0,0,0,0,0,0,0,0,9790,120
78.0,8766623767679,0.0,0.0,0,0,0,0,0,0,0,0,9964,99
78.0,8766623740157,0.3333333333333333,0.0,0,0,0,0,0,0,0,0,9930,116
78.0,8766623746082,0.6666666666666666,0.0,0,0,0,0,0,0,0,0,9932,107
78.0,8766623746115,1.0,0.0,0,0,0,0,0,0,0,0,10039,115
78.0,8766623746148,0.0,0.3333333333333333,0,0,0,0,0,0,0,0,9813,101
78.0,8766623746181,0.3333333333333333,0.3333333333333333,0,0,0,0,0,0,0,0,9833,130
78.0,8766623746214,0.6666666666666666,0.3333333333333333,0,0,0,0,0,0,0,0,9772,109
78.0,8766623746247,1.0,0.3333333333333333,0,0,0,0,0,0,0,0,9845,107
78.0,8766623746280,0.0,0.6666666666666666,0,0,0,0,0,0,0,0,9957,121
78.0,8766623747597,0.3333333333333333,0.6666666666666666,0,0,0,0,0,0,0,0,9790,120
79.0,8766623767679,0.0,0.0,0,0,0,0,0,0,0,0,9964,99
79.0,8766623740157,0.3333333333333333,0.0,0,0,0,0,0,0,0,0,9930,116
79.0,8766623746082,0.6666666666666666,0.0,0,0,0,0,0,0,0,0,9932,107
79.0,8766623746115,1.0,0.0,0,0,0,0,0,0,0,0,10039,115
79.0,8766623746148,0.0,0.3333333333333333,0,0,0,0,0,0,0,0,9813,101
79.0,8766623746181,0.3333333333333333,0.3333333333333333,0,0,0,0,0,0,0,0,9833,130
79.0,8766623746214,0.6666666666666666,0.3333333333333333,0,0,0,0,0,0,0,0,9772,109
79.0,8766623746247,1.0,0.3333333333333333,0,0,0,0,0,0,0,0,9845,107
79.0,8766623746280,0.0,0.6666666666666666,0,0,0,0,0,0,0,0,9957,121
79.0,8766623747597,0.3333333333333333,0.6666666666666666,0,0,0,0,0,0,0,0,9790,120
80.0,8766623767679,0.0,0.0,0,0,0,0,0,0,0,0,9964,99
80.0,8766623740157,0.3333333333333333,0.0,0,0,0,0,0,0,0,0,9930,116
80.0,8766623746082,0.6666666666666666,0.0,0,0,0,0,0,0,0,0,9932,107
80.0,8766623746115,1.0,0.0,0,0,0,0,0,0,0,0,10039,115
80.0,8766623746148,0.0,0.3333333333333333,0,0,0,0,0,0,0,0,9813,101
80.0,8766623746181,0.3333333333333333,0.3333333333333333,0,0,0,0,0,0,0,0,9833,130
80.0,8766623746214,0.6666666666666666,0.3333333333333333,0,0,0,0,0,0,0,0,9772,109
80.0,8766623746247,1.0,0.3333333333333333,0,0,0,0,0,0,0,0,9845,107
80.0,8766623746280,0.0,0.6666666666666666,0,0,0,0,0,0,0,0,9957,121
80.0,8766623747597,0.3333333333333333,0.6666666666666666,0,0,0,0,0,0,0,0,9790,120
81.0,8766623767679,0.0,0.0,0,0,0,0,0,0,0,0,9964,99
81.0,8766623740157,0.3333333333333333,0.0,0,0,0,0,0,0,0,0,9930,116
81.0,8766623746082,0.6666666666666666,0.0,0,0,0,0,0,0,0,0,9932,107
81.0,8766623746115,1.0,0.0,0,0,0,0,0,0,0,0,10039,115
81.0,8766623746148,0.0,0.3333333333333333,0,0,0,0,0,0,0,0,9813,101
81.0,8766623746181,0.3333333333333333,0.3333333333333333,0,0,0,0,0,0,0,0,9833,130
81.0,8766623746214,0.6666666666666666,0.3333333333333333,0,0,0,0,0,0,0,0,9772,109
81.0,8766623746247,1.0,0.3333333333333333,0,0,0,0,0,0,0,0,9845,107
81.0,8766623746280,0.0,0.6666666666666666,0,0,0,0,0,0,0,0,9957,121
81.0,8766623747597,0.3333333333333333,0.6666666666666666,0,0,0,0,0,0,0,0,9790,120
82.0,8766623767679,0.0,0.0,0,0,0,0,0,0,0,0,9964,99
82.0,8766623740157,0.3333333333333333,0.0,0,0,0,0,0,0,0,0,9930,116
82.0,8766623746082,0.6666666666666666,0.0,0,0,0,0,0,0,0,0,9932,107
82.0,8766623746115,1.0,0.0,0,0,0,0,0,0,0,0,10039,115
82.0,8766623746148,0.0,0.3333333333333333,0,0,0,0,0,0,0,0,9813,101
82.0,8766623746181,0.3333333333333333,0.3333333333333333,0,0,0,0,0,0,0,0,9833,130
82.0,8766623746214,0.6666666666666666,0.3333333333333333,0,0,0,0,0,0,0,0,9772,109
82.0,8766623746247,1.0,0.3333333333333333,0,0,0,0,0,0,0,0,9845,107
82.0,8766623746280,0.0,0.6666666666666666,0,0,0,0,0,0,0,0,9957,121
82.0,8766623747597,0.3333333333333333,0.6666666666666666,0,0,0,0,0,0,0,0,9790,120
83.0,8766623767679,0.0,0.0,0,0,0,0,0,0,0,0,9964,99
83.0,8766623740157,0.3333333333333333,0.0,0,0,0,0,0,0,0,0,9930,116
83.0,8766623746082,0.6666666666666666,0.0,0,0,0,0,0,0,0,0,9932,107
83.0,8766623746115,1.0,0.0,0,0,0,0,0,0,0,0,10039,115
83.0,8766623746148,0.0,0.3333333333333333,0,0,0,0,0,0,0,0,9813,101
83.0,8766623746181,0.3333333333333333,0.3333333333333333,0,0,0,0,0,0,0,0,9833,130
83.0,8766623746214,0.6666666666666666,0.3333333333333333,0,0,0,0,0,0,0,0,9772,109
83.0,8766623746247,1.0,0.3333333333333333,0,0,0,0,0,0,0,0,9845,107
83.0,8766623746280,0.0,0.6666666666666666,0,0,0,0,0,0,0,0,9957,121
83.0,8766623747597,0.3333333333333333,0.6666666666666666,0,0,0,0,0,0,0,0,9790,120
84.0,8766623767679,0.0,0.0,0,0,0,0,0,0,0,0,9964,99
84.0,8766623740157,0.3333333333333333,0.0,0,0,0,0,0,0,0,0,9930,116
84.0,8766623746082,0.6666666666666666,0.0,0,0,0,0,0,0,0,0,9932,107
84.0,8766623746115,1.0,0.0,0,0,0,0,0,0,0,0,10039,115
84.0,8766623746148,0.0,0.3333333333333333,0,0,0,0,0,0,0,0,9813,101
84.0,8766623746181,0.3333333333333333,0.3333333333333333,0,0,0,0,0,0,0,0,9833,130
84.0,8766623746214,0.6666666666666666,0.3333333333333333,0,0,0,0,0,0,0,0,9772,109
84.0,8766623746247,1.0,0.3333333333333333,0,0,0,0,0,0,0,0,9845,107
84.0,8766623746280,0.0,0.6666666666666666,0,0,0,0,0,0,0,0,9957,121
84.0,8766623747597,0.3333333333333333,0.6666666666666666,0,0,0,0,0,0,0,0,9790,120
85.0,8766623767679,0.0,0.0,0,0,0,0,0,0,0,0,9964,99
85.0,8766623740157,0.3333333333333333,0.0,0,0,0,0,0,0,0,0,9930,116
85.0,8766623746082,0.6666666666666666,0.0,0,0,0,0,0,0,0,0,9932,107
85.0,8766623746115,1.0,0.0,0,0,0,0,0,0,0,0,10039,115
85.0,8766623746148,0.0,0.3333333333333333,0,0,0,0,0,0,0,0,9813,101
85.0,8766623746181,0.3333333333333333,0.3333333333333333,0,0,0,0,0,0,0,0,9833,130
85.0,8766623746214,0.6666666666666666,0.3333333333333333,0,0,0,0,0,0,0,0,9772,109
85.0,8766623746247,1.0,0.3333333333333333,0,0,0,0,0,0,0,0,9845,107
85.0,8766623746280,0.0,0.6666666666666666,0,0,0,0,0,0,0,0,9957,121
85.0,8766623747597,0.3333333333333333,0.6666666666666666,0,0,0,0,0,0,0,0,9790,120
86.0,8766623767679,0.0,0.0,0,0,0,0,0,0,0,0,9964,99
86.0,8766623740157,0.3333333333333333,0.0,0,0,0,0,0,0,0,0,9930,116
86.0,8766623746082,0.6666666666666666,0.0,0,0,0,0,0,0,0,0,9932,107
86.0,8766623746115,1.0,0.0,0,0,0,0,0,0,0,0,10039,115
86.0,8766623746148,0.0,0.3333333333333333,0,0,0,0,0,0,0,0,9813,101
86.0,8766623746181,0.3333333333333333,0.3333333333333333,0,0,0,0,0,0,0,0,9833,130
86.0,8766623746214,0.6666666666666666,0.3333333333333333,0,0,0,0,0,0,0,0,9772,109
86.0,8766623746247,1.0,0.3333333333333333,0,0,0,0,0,0,0,0,9845,107
86.0,8766623746280,0.0,0.6666666666666666,0,0,0,0,0,0,0,0,9957,121
86.0,8766623747597,0.3333333333333333,0.6666666666666666,0,0,0,0,0,0,0,0,9790,120
87.0,8766623767679,0.0,0.0,0,0,0,0,0,0,0,0,9964,99
87.0,8766623740157,0.3333333333333333,0.0,0,0,0,0,0,0,0,0,9930,116
87.0,8766623746082,0.6666666666666666,0.0,0,0,0,0,0,0,0,0,9932,107
87.0,8766623746115,1.0,0.0,0,0,0,0,0,0,0,0,10039,115
87.0,8766623746148,0.0,0.3333333333333333,0,0,0,0,0,0,0,0,9813,101
87.0,8766623746181,0.3333333333333333,0.3333333333333333,0,0,0,0,0,0,0,0,9833,130
87.0,8766623746214,0.6666666666666666,0.3333333333333333,0,0,0,0,0,0,0,0,9772,109
87.0,8766623746247,1.0,0.3333333333333333,0,0,0,0,0,0,0,0,9845,107
87.0,8766623746280,0.0,0.6666666666666666,0,0,0,0,0,0,0,0,9957,121
87.0,8766623747597,0.3333333333333333,0.6666666666666666,0,0,0,0,0,0,0,0,9790,120
88.0,8766623767679,0.0,0.0,0,0,0,0,0,0,0,0,9964,99
88.0,8766623740157,0.3333333333333333,0.0,0,0,0,0,0,0,0,0,9930,116
88.0,8766623746082,0.6666666666666666,0.0,0,0,0,0,0,0,0,0,9932,107
88.0,8766623746115,1.0,0.0,0,0,0,0,0,0,0,0,10039,115
88.0,8766623746148,0.0,0.3333333333333333,0,0,0,0,0,0,0,0,9813,101
88.0,8766623746181,0.3333333333333333,0.3333333333333333,0,0,0,0,0,0,0,0,9833,130
88.0,8766623746214,0.6666666666666666,0.3333333333333333,0,0,0,0,0,0,0,0,9772,109
88.0,8766623746247,1.0,0.3333333333333333,0,0,0,0,0,0,0,0,9845,107
88.0,8766623746280,0.0,0.6666666666666666,0,0,0,0,0,0,0,0,9957,121
88.0,8766623747597,0.3333333333333333,0.6666666666666666,0,0,0,0,0,0,0,0,9790,120
89.0,8766623767679,0.0,0.0,0,0,0,0,0,0,0,0,9964,99
89.0,8766623740157,0.3333333333333333,0.0,0,0,0,0,0,0,0,0,9930,116
89.0,8766623746082,0.6666666666666666,0.0,0,0,0,0,0,0,0,0,9932,107
89.0,8766623746115,1.0,0.0,0,0,0,0,0,0,0,0,10039,115
89.0,8766623746148,0.0,0.3333333333333333,0,0,0,0,0,0,0,0,9813,101
89.0,8766623746181,0.3333333333333333,0.3333333333333333,0,0,0,0,0,0,0,0,9833,130
89.0,8766623746214,0.6666666666666666,0.3333333333333333,0,0,0,0,0,0,0,0,9772,109
89.0,8766623746247,1.0,0.3333333333333333,0,0,0,0,0,0,0,0,9845,107
89.0,8766623746280,0.0,0.6666666666666666,0,0,0,0,0,0,0,0,9957,121
89.0,8766623747597,0.3333333333333333,0.6666666666666666,0,0,0,0,0,0,0,0,9790,120
90.0,8766623767679,0.0,0.0,0,0,0,0,0,0,0,0,9964,99
90.0,8766623740157,0.3333333333333333,0.0,0,0,0,0,0,0,0,0,9930,116
90.0,8766623746082,0.6666666666666666,0.0,0,0,0,0,0,0,0,0,9932,107
90.0,8766623746115,1.0,0.0,0,0,0,0,0,0,0,0,10039,115
90.0,8766623746148,0.0,0.3333333333333333,0,0,0,0,0,0,0,0,9813,101
90.0,8766623746181,0.3333333333333333,0.3333333333333333,0,0,0,0,0,0,0,0,9833,130
90.0,8766623746214,0.6666666666666666,0.3333333333333333,0,0,0,0,0,0,0,0,9772,109
90.0,8766623746247,1.0,0.3333333333333333,0,0,0,0,0,0,0,0,9845,107
90.0,8766623746280,0.0,0.6666666666666666,0,0,0,0,0,0,0,0,9957,121
90.0,8766623747597,0.3333333333333333,0.6666666666666666,0,0,0,0,0,0,0,0,9790,120
91.0,8766623767679,0.0,0.0,0,0,0,0,0,0,0,0,9964,99
91.0,8766623740157,0.3333333333333333,0.0,0,0,0,0,0,0,0,0,9930,116
91.0,8766623746082,0.6666666666666666,0.0,0,0,0,0,0,0,0,0,9932,107
91.0,8766623746115,1.0,0.0,0,0,0,0,0,0,0,0,10039,115
91.0,8766623746148,0.0,0.3333333333333333,0,0,0,0,0,0,0,0,9813,101
91.0,8766623746181,0.3333333333333333,0.3333333333333333,0,0,0,0,0,0,0,0,9833,130
91.0,8766623746214,0.6666666666666666,0.3333333333333333,0,0,0,0,0,0,0,0,9772,109
91.0,8766623746247,1.0,0.3333333333333333,0,0,0,0,0,0,0,0,9845,107
91.0,8766623746280,0.0,0.6666666666666666,0,0,0,0,0,0,0,0,9957,121
91.0,8766623747597,0.3333333333333333,0.6666666666666666,0,0,0,0,0,0,0,0,9790,120
92.0,8766623767679,0.0,0.0,0,0,0,0,0,0,0,0,9964,99
92.0,8766623740157,0.3333333333333333,0.0,0,0,0,0,0,0,0,0,9930,116
92.0,8766623746082,0.6666666666666666,0.0,0,0,0,0,0,0,0,0,9932,107
92.0,8766623746115,1.0,0.0,0,0,0,0,0,0,0,0,10039,115
92.0,8766623746148,0.0,0.3333333333333333,0,0,0,0,0,0,0,0,9813,101
92.0,8766623746181,0.3333333333333333,0.3333333333333333,0,0,0,0,0,0,0,0,9833,130
92.0,8766623746214,0.6666666666666666,0.3333333333333333,0,0,0,0,0,0,0,0,9772,109
92.0,8766623746247,1.0,0.3333333333333333,0,0,0,0,0,0,0,0,9845,107
92.0,8766623746280,0.0,0.6666666666666666,0,0,0,0,0,0,0,0,9957,121
92.0,8766623747597,0.3333333333333333,0.6666666666666666,0,0,0,0,0,0,0,0,9790,120
93.0,8766623767679,0.0,0.0,0,0,0,0,0,0,0,0,9964,99
93.0,8766623740157,0.3333333333333333,0.0,0,0,0,0,0,0,0,0,9930,116
93.0,8766623746082,0.6666666666666666,0.0,0,0,0,0,0,0,0,0,9932,107
93.0,8766623746115,1.0,0.0,0,0,0,0,0,0,0,0,10039,115
93.0,8766623746148,0.0,0.3333333333333333,0,0,0,0,0,0,0,0,9813,101
93.0,8766623746181,0.3333333333333333,0.3333333333333333,0,0,0,0,0,0,0,0,9833,130
93.0,8766623746214,0.6666666666666666,0.3333333333333333,0,0,0,0,0,0,0,0,9772,109
93.0,8766623746247,1.0,0.3333333333333333,0,0,0,0,0,0,0,0,9845,107
93.0,8766623746280,0.0,0.6666666666666666,0,0,0,0,0,0,0,0,9957,121
93.0,8766623747597,0.3333333333333333,0.6666666666666666,0,0,0,0,0,0,0,0,9790,120
94.0,8766623767679,0.0,0.0,0,0,0,0,0,0,0,0,9964,99
94.0,8766623740157,0.3333333333333333,0.0,0,0,0,0,0,0,0,0,9930,116
94.0,8766623746082,0.6666666666666666,0.0,0,0,0,0,0,0,0,0,9932,107
94.0,8766623746115,1.0,0.0,0,0,0,0,0,0,0,0,10039,115
94.0,8766623746148,0.0,0.3333333333333333,0,0,0,0,0,0,0,0,9813,101
94.0,8766623746181,0.3333333333333333,0.3333333333333333,0,0,0,0,0,0,0,0,9833,130
94.0,8766623746214,0.6666666666666666,0.3333333333333333,0,0,0,0,0,0,0,0,9772,109
94.0,8766623746247,1.0,0.3333333333333333,0,0,0,0,0,0,0,0,9845,107
94.0,8766623746280,0.0,0.6666666666666666,0,0,0,0,0,0,0,0,9957,121
94.0,8766623747597,0.3333333333333333,0.6666666666666666,0,0,0,0,0,0,0,0,9790,120
95.0,8766623767679,0.0,0.0,0,0,0,0,0,0,0,0,9964,99
95.0,8766623740157,0.3333333333333333,0.0,0,0,0,0,0,0,0,0,9930,116
95.0,8766623746082,0.6666666666666666,0.0,0,0,0,0,0,0,0,0,9932,107
95.0,8766623746115,1.0,0.0,0,0,0,0,0,0,0,0,10039,115
95.0,8766623746148,0.0,0.3333333333333333,0,0,0,0,0,0,0,0,9813,101
95.0,8766623746181,0.3333333333333333,0.3333333333333333,0,0,0,0,0,0,0,0,9833,130
95.0,8766623746214,0.6666666666666666,0.3333333333333333,0,0,0,0,0,0,0,0,9772,109
95.0,8766623746247,1.0,0.3333333333333333,0,0,0,0,0,0,0,0,9845,107
95.0,8766623746280,0.0,0.6666666666666666,0,0,0,0,0,0,0,0,9957,121
95.0,8766623747597,0.3333333333333333,0.6666666666666666,0,0,0,0,0,0,0,0,9790,120
96.0,8766623767679,0.0,0.0,0,0,0,0,0,0,0,0,9964,99
96.0,8766623740157,0.3333333333333333,0.0,0,0,0,0,0,0,0,0,9930,116
96.0,8766623746082,0.6666666666666666,0.0,0,0,0,0,0,0,0,0,9932,107
96.0,8766623746115,1.0,0.0,0,0,0,0,0,0,0,0,10039,115
96.0,8766623746148,0.0,0.3333333333333333,0,0,0,0,0,0,0,0,9813,101
96.0,8766623746181,0.3333333333333333,0.3333333333333333,0,0,0,0,0,0,0,0,9833,130
96.0,8766623746214,0.6666666666666666,0.3333333333333333,0,0,0,0,0,0,0,0,9772,109
96.0,8766623746247,1.0,0.3333333333333333,0,0,0,0,0,0,0,0,9845,107
96.0,8766623746280,0.0,0.6666666666666666,0,0,0,0,0,0,0,0,9957,121
96.0,8766623747597,0.3333333333333333,0.6666666666666666,0,0,0,0,0,0,0,0,9790,120
97.0,8766623767679,0.0,0.0,0,0,0,0,0,0,0,0,9964,99
97.0,8766623740157,0.3333333333333333,0.0,0,0,0,0,0,0,0,0,9930,116
97.0,8766623746082,0.6666666666666666,0.0,0,0,0,0,0,0,0,0,9932,107
97.0,8766623746115,1.0,0.0,0,0,0,0,0,0,0,0,10039,115
97.0,8766623746148,0.0,0.3333333333333333,0,0,0,0,0,0,0,0,9813,101
97.0,8766623746181,0.3333333333333333,0.3333333333333333,0,0,0,0,0,0,0,0,9833,130
97.0,8766623746214,0.6666666666666666,0.3333333333333333,0,0,0,0,0,0,0,0,9772,109
97.0,8766623746247,1.0,0.3333333333333333,0,0,0,0,0,0,0,0,9845,107
97.0,8766623746280,0.0,0.6666666666666666,0,0,0,0,0,0,0,0,9957,121
97.0,8766623747597,0.3333333333333333,0.6666666666666666,0,0,0,0,0,0,0,0,9790,120
98.0,8766623767679,0.0,0.0,0,0,0,0,0,0,0,0,9964,99
98.0,8766623740157,0.3333333333333333,0.0,0,0,0,0,0,0,0,0,9930,116
98.0,8766623746082,0.6666666666666666,0.0,0,0,0,0,0,0,0,0,9932,107
98.0,8766623746115,1.0,0.0,0,0,0,0,0,0,0,0,10039,115
98.0,8766623746148,0.0,0.3333333333333333,0,0,0,0,0,0,0,0,9813,101
98.0,8766623746181,0.3333333333333333,0.3333333333333333,0,0,0,0,0,0,0,0,9833,130
98.0,8766623746214,0.6666666666666666,0.3333333333333333,0,0,0,0,0,0,0,0,9772,109
98.0,8766623746247,1.0,0.3333333333333333,0,0,0,0,0,0,0,0,9845,107
98.0,8766623746280,0.0,0.6666666666666666,0,0,0,0,0,0,0,0,9957,121
98.0,8766623747597,0.3333333333333333,0.6666666666666666,0,0,0,0,0,0,0,0,9790,120
99.0,8766623767679,0.0,0.0,0,0,0,0,0,0,0,0,9964,99
99.0,8766623740157,0.3333333333333333,0.0,0,0,0,0,0,0,0,0,9930,116
99.0,8766623746082,0.6666666666666666,0.0,0,0,0,0,0,0,0,0,9932,107
99.0,8766623746115,1.0,0.0,0,0,0,0,0,0,0,0,10039,115
99.0,8766623746148,0.0,0.3333333333333333,0,0,0,0,0,0,0,0,9813,101
99.0,8766623746181,0.3333333333333333,0.3333333333333333,0,0,0,0,0,0,0,0,9833,130
99.0,8766623746214,0.6666666666666666,0.3333333333333333,0,0,0,0,0,0,0,0,9772,109
99.0,8766623746247,1.0,0.3333333333333333,0,0,0,0,0,0,0,0,9845,107
99.0,8766623746280,0.0,0.6666666666666666,0,0,0,0,0,0,0,0,9957,121
99.0,8766623747597,0.3333333333333333,0.6666666666666666,0,0,0,0,0,0,0,0,9790,120
100.0,8766623767679,0.0,0.0,0,0,0,0,0,0,0,0,9964,99
100.0,8766623740157,0.3333333333333333,0.0,0,0,0,0,0,0,0,0,9930,116
100.0,8766623746082,0.6666666666666666,0.0,0,0,0,0,0,0,0,0,9932,107
100.0,8766623746115,1.0,0.0,0,0,0,0,0,0,0,0,10039,115
100.0,8766623746148,0.0,0.3333333333333333,0,0,0,0,0,0,0,0,9813,101
100.0,8766623746181,0.3333333333333333,0.3333333333333333,0,0,0,0,0,0,0,0,9833,130
100.0,8766623746214,0.6666666666666666,0.3333333333333333,0,0,0,0,0,0,0,0,9772,109
100.0,8766623746247,1.0,0.3333333333333333,0,0,0,0,0,0,0,0,9845,107
100.0,8766623746280,0.0,0.6666666666666666,0,0,0,0,0,0,0,0,9957,121
100.0,8766623747597,0.3333333333333333,0.6666666666666666,0,0,0,0,0,0,0,0,9790,120
